登記案號,類別,案由,主任,登記號數,收件日期,登記日期,公告日期,登記簿,任期判定,屆期判定,法人代表,法人名稱,設立登記日期,主事務所,目的,捐助方法,許可機關日期,存立時期,財產總額,結案原因,結案日期,歸檔日期,發證日期,清算人,變更原因,註銷日期,撤銷日期,撤(註)銷機關文號,撤(註)銷原因
115法登他000001,2,2,鄭舜元,256,1150107,1150119,1150119,5冊57頁,2,56,曾品皓,社團法人彰化縣員林國際青年商會,0910718,彰化縣員林市大仁南街8之4號5樓,"本會宗旨為發展青年之才智並結有志青年之力量，以促進人類生活、社會、經濟及精神文明之進展。一、啟發並促使每一國民承擔其應盡之責任。二、透過會務活動，以發展並提高青年人之領導潛能。三、藉參加與計劃及執行會務活動，以訓練發展個人、繁榮社會。四、促進經濟發展。 五、促進全人類瞭解、親善與合作。",會員入會費及常年會費、國內外公私團體及個人之捐贈、特友會會員之常年會費、基金之利息、其他收入,"彰化縣政府 中華民國六十年二月二十一日彰府社政字第87032號",永久,4098706.00,1,1150119,,1150127,,理監事變更。,,,,
115法登他000002,2,2,鄭舜元,155,1150107,1150206,1150206,3冊185頁,2,25,陳世榮,社團法人彰化縣忠義慈善會,0851202,彰化縣鹿港鎮泰興里館前路52號,①愛心活動之舉辦②清寒獎學金③貧困慰問④急難救助,社會善心人士捐贈、會費收入,彰化縣政府民國七十八年十月二十二日彰府社政第七七０四八號,永久,1202300.00,1,1150206,,1150225,,理監事變更。,,,,
115法登他000004,1,2,鄭舜元,10,1150108,1150123,1150123,1冊19頁,1,17,陳建亨,正德學校財團法人,0610516,彰化縣彰化市莿桐里彰水路145號,為創辦私立正德高級中學並謀其發展為目的。,董事會捐贈、學雜費收入。,台灣省政府教育廳於中華民國61年05月01日。,無限期存立,1743378254.00,1,1150123,,1150202,,財產總額變更。,,,,
115法登他000005,1,2,鄭舜元,14,1150108,1150205,1150205,1冊27頁,1,17,賴耀裕,財團法人臺灣省彰化縣私立達德高級商工職業學校,0620709,彰化縣田中鎮碧峰里中南路2段277號,發展教育，培養工商業專門人才，以配合國家經濟建設。,財團法人臺灣省彰化縣私立達德高級商工職業學校董事會捐助。,"台灣省政府教育廳 62年6月19日教三字第40822號",無限期,1821313064.00,1,1150205,,1150223,,財產總額變更。,,,,
115法登他000006,1,2,鄭舜元,19,1150109,1150407,1150407,2冊9頁,1,13,楊宏仁,財團法人彰化縣私立慈生仁愛院,0640127,彰化縣彰化市陽明里中正路1段182號,辦理社會救助事業。,由創辦人楊老居所捐贈財產孳息、慈善人士自動捐助、政府補助及董事捐助。,"彰化縣政府 中華民國41年11月24日",永久,277398549.00,1,1150407,,1150415,,財產總額變更。,,,,
115法登他000007,1,2,鄭舜元,11,1150114,1150205,1150205,1冊21頁,2,18,陳文貴,財團法人彰化縣私立大慶高級商工職業學校,0620524,彰化縣員林市山腳路2段206號,教授現代化知識，培養專業人才。,捐助,"台灣省政府教育廳 中華民國53年8月21日",永久,904253851.00,1,1150205,,1150223,,董監事變更。,,,,
115法登他000008,1,2,鄭舜元,49,1150114,1150128,1150128,2冊71頁,1,11,韓繼綏,財團法人大葉大學,0780817,彰化縣大村鄉學府路168號,為提昇工業水準，培育人才，增進學術研究與企業交流。,捐助。,教育部，民國七十七年十二月二十四日,永久,5622299665.00,1,1150202,,1150205,,財產總額變更。,,,,
115法登他000009,2,2,鄭舜元,887,1150115,1150127,1150127,12冊5頁,2,3,陳益祥,社團法人彰化縣立福興國民中學校友會,1110118,彰化縣福興鄉員鹿路2段270號,本會為依法設立，非以營利為目的之社會團體，本會以聯繫校友感情，地利校友學術研究，促進校友事業合作，並以宏揚母校「親愛精誠」之精神為宗旨。,一、會員之入會費：會員入會應繳入會費每人新台幣伍佰元入會時一次繳納之。二、會員常年會費：每人每年新台幣壹仟元。（每年繳納一次）。三、永久會員：一次繳納新台幣捌仟元整。四、基金孳息。伍、會員捐款。六、補助費。七、其他合法之收入。,"彰化縣政府 中華民國110年10月28日府社發展字第1100386814號函",永久,0.00,1,1150127,,1150203,,理監事變更。,,,,
115法登他000010,2,2,鄭舜元,189,1150116,1150205,1150205,4冊49頁,2,18,王金車,社團法人彰化縣佛教居士會,0880302,彰化縣彰化市卦山里大智路二巷十八號,一、以佛陀慈悲、智慧之教誨為依歸。二、結合喜愛佛陀教義之人士共同致力於佛法之研究與實踐。三、端正社會風氣、淨化心靈、服務人群並促進社會進步祥和。,入會費、常年會費及其他收入,彰化縣政府民國八十年十一月二十六日彰府社政字第七七一二三號,永久,7488633.00,1,1150205,,1150223,,理監事變更。,,,,
115法登他000011,2,2,鄭舜元,968,1150123,1150323,1150323,12冊167頁,2,2,顏世陸,社團法人彰化縣惠來產業園區服務中心,1130513,彰化縣花壇鄉灣雅村三芬路360之11號,本組織章程依彰化縣產業園區管理機構社團法人設立許可準則辦理，並依產業創新條例第五十條第一項第二款成立法人管理機構。本服務中心為協助辦理會員共同事務、維護會員合法權利，提升產業競爭力、促進地方經濟發展，並以辦理「彰化縣花壇鄉惠來產業園區」內公共設施用地及公共建築物與設施之管理維護及相關服務輔導事宜為宗旨。,入會費、常年會費、管理費、管理基金、會員捐款、利息收入、其他收入。,"彰化縣政府 中華民國113年4月2日府綠產字第1130106917號函",永久,0.00,1,1150323,,1150401,,理監事變更。,,,,
115法登他000012,1,2,鄭舜元,273,1150126,1150302,1150302,5冊91頁,1,7,陳穆寬,財團法人切膚之愛社會福利慈善事業基金會,0920703,彰化縣彰化市博愛街53巷85號,本會以弘揚耶穌基督救世博愛及蘭大衛醫師夫婦切膚之愛的精神、創辦社會福利慈善事業為宗旨。,係由多年來社會善心人士高信義等捐款成立之「切膚之愛基金」移轉成立本基金會。,"內政部 中華民國92年6月16日內授中社字第0920072584號函",永久,129228140.00,1,1150302,,1150311,,法人印信(圖記)變更。,,,,
115法登他000013,1,2,鄭舜元,157,1150127,1150324,1150324,3冊189頁,2,5,賴順德,財團法人彰化縣育兒福幼稚教育基金會,0851227,彰化縣大村鄉村上村中山路2段224之3號,⒈幼兒學前教育⒉幼教之才藝教學⒊辦理文教研習活動⒋辦理獎助學金⒌辦理其他文教工作,賴順德先生捐助,"彰化縣政府 八十五年十一月九日八五彰府教社字第一九二三四八號函",永久,2860000.00,1,1150324,,1150401,,董事變更、新任董事印鑑變更。,,,,
115法登他000014,2,2,鄭舜元,389,1150129,1150225,1150225,6冊113頁,1,14,蔡維聲,社團法人彰化縣美利達單車協會,0980311,彰化縣大村鄉美港村美港路116號,本會依法設立，非以營利為目的之社會團體，是以認識自行車運動休閒與騎乘安全宣導為宗旨。,"1.入會費 2.常年會費 3.會員捐款 4.基金及其孳息 5.其他贊助","彰化縣政府 中華民國97年11月12日府社政字第0970234545號",永久,116219.00,1,1150225,,1150305,,理監事變更。,,,,
115法登他000015,1,2,鄭舜元,281,1150129,1150225,1150225,5冊107頁,2,12,吳科廷,財團法人中華基督教彰化浸信會,0921223,彰化縣彰化市東興里公園路一段10號,本法人本於耶穌基督之精神，傳揚聖經教訓、牧養信徒、並辦理社會公益、慈善事業為宗旨。,由財團法人美南浸信會台北事務所捐助,"彰化縣政府 中華民國92年12月16日府民宗字第0920238770號函",永久,44249739.00,1,1150225,,1150305,,董事變更。,,,,
115法登他000016,2,2,鄭舜元,630,1150202,1150324,1150324,8冊195頁,2,3,謝美慧,社團法人彰化縣心晴社會福利發展協會,1050120,彰化縣彰化市永安東街23號,實踐服務社會之精神，幫助發展遲緩兒童及身心障礙者等人，旨在提升生活品質及完整性服務。,會員會費、會員捐款、委託收益、其他收入,"彰化縣政府 中華民國104年12月23日府社發展字第104135號",永久,22200.00,1,1150324,,1150401,,理監事、主事務所、章程變更。,,,,
115法登他000017,1,2,鄭舜元,228,1150203,1150506,1150506,5冊1頁,2,9,賴添福,財團法人彰化縣私立真善美社會福利慈善事業基金會,0900308,彰化縣田中鎮山脚路一段一號,"㈠兒童福利 ㈡青少年福利 ㈢婦女福利 ㈣老人福利 ㈤身心障礙福利 ㈥慢性精神病 ㈦醫療補助 ㈧急難救助 ㈨低收入補助 ㈩災害救濟 志願服務 主管機關指導 獎助學金 辦理教育訓練",永久捐助,"彰化縣政府 中華民國九十年二月六日許可設立",無限期,10000000.00,1,1150506,,1150514,,董事變更。,,,,
115法登他000018,1,2,鄭舜元,185,1150204,1150306,1150306,4冊41頁,2,13,王柏竣,財團法人彰化縣私立海頓社會福利慈善事業基金會,0870826,彰化縣花壇鄉白沙村觀音巷80弄20號,興辦社會福利及社會救助事業等。,由善心人士捐獻與捐贈取得。,"彰化縣政府 中華民國87年8月26日彰府社福字第157976號函",永久,231234631.00,1,1150306,,1150317,,董事、監察人變更。,,,,
115法登他000019,2,2,鄭舜元,719,1150205,1150212,1150212,9冊173頁,1,21,黃勃叡,社團法人彰化律師公會,1070411,彰化縣員林市林森路231巷10號2樓,保障人權，實現社會正義。,會員出資。,"彰化縣政府 中華民國58年8月13日",永久,28703177.00,1,1150212,,1150226,,理監事變更。,,,,
115法登他000020,1,2,鄭舜元,218,1150206,1150316,1150316,4冊219頁,1,12,王正健,財團法人車輛研究測試中心,0890914,彰化縣鹿港鎮彰濱工業區鹿工南七路6號,以提供具國際公信力之車輛及零組件檢測與驗證服務，並從事相關之研究發展工作，以達成促進車輛工業升級發展及保障消費者權益為目的。,由經濟部工業局等捐助,"經濟部 中華民國79年10月8日字號：經（七九）技041758號函",永久,131912000.00,1,1150316,,1150324,,新任董事及其印鑑變更。,,,,
115法登他000021,1,2,鄭舜元,211,1150206,1150226,1150226,4冊93頁,2,10,曾力裴,財團法人中華民國天德聖教凌雄寶殿,0890517,彰化縣彰化市福田里維新路503號,尊崇本教道統，奉行本教德藏經之經、律、論、行、品、四類八部經典，闡揚廿字（忠、恕、廉、明、德、正、義、信、忍、公、博、孝、仁、慈、覺、節、儉、真、禮、和）教義，倡行中國固有倫理道德，以推展教務，辦理社會公益慈善事業，服務社會人群，挽救延福、濟世救人為宗旨。,財團法人中華民國天德教凌雄寶殿捐助,"彰化縣政府 中華民國89年3月9日彰府民文字第43394號　",永久,35967142.00,1,1150302,,1150309,,董事變更。,,,,
115法登他000022,2,2,鄭舜元,378,1150206,1150226,1150226,6冊91頁,2,9,吳裕政,社團法人彰化縣東熒社會福利促進會,0971110,彰化縣鹿港鎮鹿東里勝利街10號,非以營利為目的之社會團體、以維護社會福利、促進社會進步、結合社會各項資源、關懷社會弱勢族群為宗旨。,入會費：個人會員：新台幣壹仟元，團體會員：新台幣叁仟元。常年會費：個人會員：新台幣貳仟元，團體會員：新台幣伍仟元。會員捐款。委託收益。基金及其孳息。其他收入。,"彰化縣政府 中華民國97年2月19日彰府社政字第0970032082號函",永久,929481.00,1,1150302,,1150309,,理監事變更。,,,,
115法登他000023,2,2,鄭舜元,740,1150210,1150226,1150226,10冊15頁,2,2,高黎茜,社團法人彰化縣日月宮宗教會,1071011,彰化縣彰化市新華里彰美路一段72號,本會宗旨：遵照道廟禮制，安祀配神，以弘揚道教教義、樹立民間正信、宣道主神聖蹟、革除不良習俗，激發人心向善、促進社會和諧、復興民族文化、保存民族精神；並興辦公益慈善及文化教育建設等事務為宗旨。,一、入會費：新台幣1000元，於入會時繳納。二、常年會費：新台幣1200元。三、會員捐款。四、委託收益。五、基金及其孳息。,"彰化縣政府 中華民國107年7月31日府社發展字第1070262744號函",永久,0.00,1,1150302,,1150310,,理監事、印鑑、主事務所變更。,,,,
115法登他000024,1,2,鄭舜元,400,1150213,1150305,1150305,6冊135頁,1,5,張勝坤,財團法人佛教十方學舍,0980623,彰化縣二林鎮華崙里文明路60號,一、舉辦弘法佈教事項。二、舉辦佛教文化及教育事項。三、舉辦濟貧、救災及協助地方建設等慈善公益事項。四、舉辦法會活動事項。,捐助不動產及基金,彰化縣政府中華民國九十八年五月二十一日,中華民國九十八年四月十九日,20184100.00,1,1150305,,1150316,,董監事變更。,,,,
115法登他000025,1,2,鄭舜元,247,1150213,1150306,1150306,5冊39頁,2,9,林亮暉,財團法人彰化縣私立葳群公益慈善事業基金會,0910329,彰化縣永靖鄉永福路2段218號,舉辦公益社會福利慈善事業為宗旨,由財團法人彰化縣私立圓通老人養護中心捐助,"彰化縣政府 中華民國91年1月30日府社發福字第09100212370號",永久,37000000.00,1,1150306,,1150316,,董事變更,,,,
115法登他000026,1,2,鄭舜元,385,1150224,1150316,1150316,6冊105頁,1,6,伍勝園,財團法人車輛安全審驗中心,0980206,彰化縣鹿港鎮鹿工北二路2號,協助交通部辦理車輛安全管理相關業務，研究車輛安全法規標準與管理制度，提昇國內車輛安全。,由交通部、財團法人車輛研究測試中心、財團法人自行車暨健康科技工業研究發展中心、中華民國汽車安全協會、中華民國機車研究發展安全促進協會、台灣區車輛工業同業公會、台北市汽車代理商業同業公會及台灣區車體工業同業公會共同捐助。,"交通部 中華民國98年1月23日交路字第0980017138號函",永久,24918500.00,1,1150316,,1150324,,董事變更。,,,,
115法登他000027,1,2,鄭舜元,3,1150224,1150630,1150630,1冊6頁,2,18,莊孝盛,財團法人彰化縣私立基督教喜樂保育院,0590926,彰化縣二林鎮中西里二城路7號,秉持基督博愛精神教養身心障礙者，以推展身心障礙福利事業為宗旨。,由創辦人瑪喜樂捐助、政府補助、社會善心人士捐助。,"彰化縣政府 中華民國五十九年五月二十四日",永久設立,191319279.00,1,1150630,,1150707,,董事、捐助章程變更。,,,,
115法登他000028,2,2,鄭舜元,1048,1150224,1150316,1150316,13冊151頁,2,4,許心欣,社團法人台灣要健康環境永續協會,1050726,彰化縣彰化市民族路15巷5號4樓,以維護台灣環境永續及國人健康安全，打造健康永續環境，保障個人的生存權利為宗旨。,一、入會費。二、常年會費。三、事業費。四、會員捐款。五、委託收益。六、基金及其孳息。七、其他收入。,"內政部 中華民國105年6月7日台內團字第1050039549號",永久,5000.00,1,1150316,,1150325,,法人名稱、主事務所、章程及理監事變更。,,,,
115法登他000029,1,2,鄭舜元,506,1150225,1150316,1150316,7冊147頁,2,5,曾崧鈴,財團法人彰化縣私立愛蓮社會福利慈善事業基金會,1011004,彰化縣田尾鄉饒平村光復路二段686之5號1樓,以社會福利慈善事業為目的。,由曾崧鈴一人全數捐贈,"彰化縣政府 中華民國101年7月20日",永久,144611920.00,1,1150316,,1150326,,董事變更。,,,,
115法登他000030,1,2,鄭舜元,153,1150225,1150316,1150316,3冊181頁,1,11,王惠美,財團法人彰化縣公益頻道基金會,0851024,彰化縣彰化市中山路2段416號3樓,本會以推行社會教育，贊助公益活動，改善社會風氣，增進全民宗祉為宗旨。,由彰化縣之有線播送系統及彰化縣政府共同捐助，並接受各界捐助。,中華民國八十五年九月九日八五彰府社教字第一五一六六五號,永久,2000000.00,1,1150316,,1150326,,董事變更。,,,,
115法登他000031,1,2,鄭舜元,161,1150225,1150327,1150327,3冊197頁,2,11,翁金珠,財團法人拓展文教基金會,0860326,彰化縣彰化市延平路453號,舉辦各種文教活動，獎助文教學術團體及專家學者從事臺灣本土文化之研究，提昇藝文水準，期達落實臺灣本土文化及促進社區發展,接受各界捐助,"彰化縣政府 中華民國86年1月31日八六彰府社教字第2160號　",永久,2000000.00,1,1150402,,1150409,,董事變更,,,,
115法登他000032,2,2,鄭舜元,199,1150226,1150401,1150401,4冊69頁,2,19,何圭純,社團法人彰化縣盲人福利協進會,0880625,彰化縣田尾鄉北曾村福德巷343號,本會以研究盲人福利問題，並發動社會力量興辦視障者福利事業為宗旨。,1.會員入會費、常年會費，2.有關單位補助款，3.會員捐款，4.基金及其孳息，5.其他收入，6.事業費。,"彰化縣政府 中華民國47年12月31日許可設立",永久,1000000.00,1,1150401,,1150414,,理事變更、章程變更。,,,,
115法登他000033,2,2,鄭舜元,735,1150226,1150327,1150327,10冊5頁,2,22,賴東明,社團法人彰化縣彰化市社會救濟事業協會,1070723,彰化縣彰化市陽明里慈生街69號,廣結善心人士，發揚仁愛精神，溫暖孤寡鰥殘，推展社會福利，提升生活品質，匡正社會風氣。,"1.會員年繳會費新台幣壹仟元,永久會員一次繳會費新台幣壹萬元。2.幹部認捐:年捐:理事長(壹萬元),常務理監事(捌仟元),理監事及顧問(伍仟元)。3.會員捐款及贊助費,委託收益,基金及其孳息,其他收入。","彰化縣政府 中華民國41年10月1日",永久,74355586.00,1,1150402,,1150409,,理監事變更。,,,,
115法登他000034,2,2,鄭舜元,822,1150302,1150316,1150316,10冊179頁,2,4,林淵俊,社團法人彰化縣鹿港天公協會,1090717,彰化縣鹿港鎮東石里北興街1之4號,本會為依法設立，非以營利為目的之社會團體，以弘揚道教教義、激發人心向善、促進社會和諧、興辦公益慈善及社會教化事業為宗旨。,本會經費來源如下：一、入會費：新台幣1000元，於會員入會時繳納。二、常年會費：新台幣1000元。三、會員捐款。四、委託收益。五、基金及其孳息。六、其他收入。,"彰化縣政府 中華民國109年6月11日府社發展字第1090196286號函",永久,9500.00,1,1150326,,1150326,,理監事變更。,,,,
115法登他000035,1,2,鄭舜元,6,1150305,1150409,1150409,1冊12頁,2,10,張椿堂,財團法人彰化縣妙化堂,0600908,彰化縣員林市惠來里光明街141巷20號,宣揚教義，重整道德，兼辦慈善公益事業，圖謀社會福利為宗旨，及關於信徒慈善互助並合於前項目的事項。,信徒及各界捐贈收益,"彰化縣政府 中華民國六十年八月十一日",永久,51978139.00,1,1150409,,1150420,,董監事、財產總額變更。,,,,
115法登他000036,2,2,鄭舜元,930,1150309,1150515,1150515,12冊91頁,2,2,黃錫泉,社團法人台灣農業資源循環利用輔導協會,1120501,彰化縣彰化市精誠路129號,以發展台灣農業資源循環利用及輔導為目標，提供農業資源循環利用之技術發展、整合、資訊交流、人才培訓與全方位輔導為宗旨。,入會費、常年會費、事業費、會員捐款、委託收益、基金及其孳息、補助經費、專案計畫收入及其他收入。,"內政部 中華民國112年3月17日台內團字第1120007093號",永久,357501.00,1,1150515,,1150525,,理監事變更。,,,,
115法登他000037,2,2,鄭舜元,676,1150311,1150413,1150413,9冊87頁,2,4,游佩蓁,社團法人台灣農業智動化與樂活發展協會,1060419,彰化縣大村鄉新興村新興巷28之26號,本會以發展台灣精緻農業為目標，其中智動化部分為整合農業、機械與自動化技術之應用；樂活部份則為發展農業休閒。本會的發展方式，主要透過產學合作機制，提供資訊交流、人才培訓與技術輔導。,入會費、常年會費、事業費、會員捐款、委託收益、基金及其孳息、其他收入,內政部中華民國106年3月6日(台內團字第1060015140號),永久,84310.00,1,1150413,,1150421,,理監事變更。,,,,
115法登他000038,2,2,鄭舜元,350,1150311,1150602,1150602,6冊35頁,2,8,李婉蕊,社團法人彰化縣長期照護發展協會,0961112,彰化縣二林鎮豐田里福興巷120號,本會依法設立，非以營利目的之社會團體。宗旨如下：以服務全縣從事長期照護之機構及人員，配合政府推動相關福利法令，在主管機關指導下，結合社會資源，提昇長期照護品質，給予會員必要性的支援與服務為宗旨。,會員入會費及常年會費、事業費、會員捐款、委託收益、基金及其孳息、其它收入。,"彰化縣政府 中華民國94年4月11日府社政字第0940063382號函",永久,46484.00,1,1150602,,1150610,,理監事變更。,,,,
115法登他000039,1,2,鄭舜元,135,1150311,1150327,1150327,3冊145頁,2,11,劉峯松,財團法人半線文教基金會,0841205,彰化縣員林市大仁南街156號,本會以蒐集、整理台灣歷史文物資料，並透過舉辦社會公益文化活動，以推廣台灣本土文化。,基金孳息及各界捐助,"彰化縣政府 中華民國八十四年十月二十四日八四彰府教社字第一九０七六五號",永久,2000000.00,1,1150402,,1150409,,董事變更。,,,,
115法登他000040,1,2,鄭舜元,951,1150312,1150401,1150401,12冊133頁,,,黃建成,財團法人彰化縣私立扶攜社會福利慈善事業基金會,1121002,彰化縣大村鄉茄苳路一段237號,以辦理社會福利慈善事業為目的。,由黃建成捐助。,"彰化縣政府 中華民國112年8月16日府社發展字第1120295987號",永久,10000000.00,1,1150401,,1150414,,捐助章程變更。,,,,
115法登他000041,1,2,鄭舜元,273,1150316,1150323,1150323,5冊91頁,2,8,陳穆寬,財團法人切膚之愛社會福利慈善事業基金會,0920703,彰化縣彰化市博愛街53巷85號,本會以弘揚耶穌基督救世博愛及蘭大衛醫師夫婦切膚之愛的精神、創辦社會福利慈善事業為宗旨。,係由多年來社會善心人士高信義等捐款成立之「切膚之愛基金」移轉成立本基金會。,"內政部 中華民國92年6月16日內授中社字第0920072584號函",永久,129228140.00,1,1150323,,1150401,,董事變更。,,,,
115法登他000042,1,3,鄭舜元,216,1150319,1150515,1150515,4冊103頁,1,8,吳聰能,明道學校財團法人,0890803,彰化縣埤頭鄉文化路369號,一響應政府鼓勵私人捐資興學之既定政策，興辦明道管理學院，並發展成立綜合大學。二充實高等教育資源，均衡教育發展。三培育地區產業管理人才。四造福地區學子就近享受教育資源。五加強產業諮詢服務及建教合作。六提供地區民眾進修高等教育機會，實現高等教育全民化及終身學習理想。七注重社會人文關懷，培育明道學子淑世濟民之胸懷，以為明道建校之一貫理想。,由創辦人汪廣平、劉福壽、汪大永等人捐助。,"教育部 中華民國89年 4月7日台(89)高(3)字第89040157號函",永久,3070392712.00,1,1150515,,,吳聰能,依「私立高級中等以上學校退場條例」第21條第一項「專案輔導學校停辦後二個月內，所屬學校法人已無其他籌設或辦理中之學校者，學校法人應報請學校法人主管機關核定解散。」,1131004,,教育部中華民國113年10月4日臺教高(三)字第1132202756號函,依「私立高級中等以上學校退場條例」第21條第一項「專案輔導學校停辦後二個月內，所屬學校法人已無其他籌設或辦理中之學校者，學校法人應報請學校法人主管機關核定解散。」
115法登他000043,1,2,鄭舜元,136,1150323,1150409,1150409,3冊147頁,2,11,楊淑元,財團法人建大文化教育基金會,0841211,彰化縣員林市中山路1段146號,以興辦公益事業、發揚學術文化、造福社會為目的。,由楊瑞祥、楊信男、楊銀明、楊啓仁等四人共同捐助。,"彰化縣政府 中華民國84年9月14日八四彰府教社字第161170號",永久,4000000.00,1,1150409,,1150420,,董事變更。,,,,
115法登他000044,2,2,鄭舜元,877,1150326,1150610,1150610,11冊89頁,2,3,廖春傑,社團法人中華消防及環安衛協會,1100922,彰化縣大村鄉仁愛街103號,"一、配合政府政令宣導，接受公、民營團體組織、法人機構委託消防教育宣導、訓練、培練等事宜。
二、定期辦理實施消防法規制度之研究建議事項。
三、積極參與社會公益、辦理公益慈善活動相關事項。
四、配合學校、驗證機構、學術研究等合作辦理消防相關課程，協助會員發表SCI、EI、ISTP等國際學術期刊。
五、推動消防科學及國際防災學術，引進相關防救災器材之國際貿易進出口推廣及展覽，辦理會員出國考察、參訪交流活動。",入會費、會費、事業費、會員捐款、委託收益、基金及其孳息。,"內政部 中華民國110年6月25日台內團字第1100030190號函",永久,0.00,1,1150610,,1150622,,理監事變更、主事務所變更。,,,,
115法登他000045,1,2,鄭舜元,239,1150331,1150424,1150424,5冊23頁,2,9,許嘉種,財團法人帝寶教育基金會,0901114,彰化縣鹿港鎮頭南里南勢巷20之3號,本會以舉辦公益性教育事務為宗旨。,由帝寶工業股份有限公司捐助。,"彰化縣政府  中華民國九十年十月三十日彰府教社字第一九○三七九號",永久,15000000.00,1,1150424,,1150504,,董監事變更。,,,,
115法登他000046,2,2,鄭舜元,683,1150331,1150630,1150630,9冊101頁,2,4,鄭翰宏,社團法人彰化縣民宿協會,1060627,彰化縣鹿港鎮裕民街129號1樓,結合彰化縣觀光旅遊相關產業、品牌業者與認同本會者，以相互觀摩、經驗交流、資源共享及異業結盟等方式，共同行銷並有有效提升彰化縣觀光旅遊產業品牌形象及國際能見度，帶動彰化縣旅遊觀光產業之發展。,會員入會費及常年會費、國內外公私立團體及個人之捐贈。,彰化縣政府中華民國106年1月6日社政字第1050459596號函,永久,0.00,1,1150630,,1150708,,理監事、主事務所變更。,,,,
115法登他000047,2,2,鄭舜元,1058,1150401,1150529,1150529,13冊171頁,2,4,楊淵韓,社團法人台灣亞太護齡協會,1120605,彰化縣花壇鄉北口村中山路2段811號,以著重在老化醫療相關問題之教育研討，長期照顧和預防醫學三方向持續推動亞洲地區各個國家互相學習、互相支援為宗旨。,入會費、常年會費、事業費、會員捐款、委託收益、基金及其孳息、其他收入。,"內政部 中華民國105年6月2日台內團字第1050035174號",永久,0.00,1,1150601,,1150609,,理監事、主事務所變更。,,,,
115法登他000048,1,2,鄭舜元,7,1150407,1150424,1150424,1冊14頁,2,15,劉允彰,財團法人中華基督教浸信宣道會員林教會,0600223,彰化縣員林市中正里三民東街25號,宣揚基督教義，提倡國民道德，善導救眾。協助政府改善不良風俗，發揚國粹，提倡民間適當娛樂。敦親信徒，促進互助合作精神，舉辦慈善事業。關懷社會弱勢團體。設置文字中心販售聖經及宗教書籍與文具。為達成教會之宗旨辦理附屬之相關工作團隊、協會或機構等。,信徒自由樂捐及其他熱心基督教人士或團體捐贈之。,中華民國六十年十二月八日,永久,59557764.00,1,1150424,,1150504,,董事變更。,,,,
115法登他000049,1,2,鄭舜元,411,1150407,1150513,1150513,6冊157頁,2,6,楊愷堂,財團法人彰化縣私立慈輝社會福利慈善事業基金會,0990125,彰化縣線西鄉線西村口厝路100號,創辦社會愛心福利慈善事業,楊焜輝等社會愛心人士三十八名捐助,"彰化縣政府 中華民國九十八年十二月二十五日",永久,10000000.00,1,1150513,,1150521,,董事變更。,,,,
115法登他000050,1,2,鄭舜元,143,1150407,1150507,1150507,3冊161頁,2,11,顏光宏,財團法人彰化縣私立柯豆社會福利慈善事業基金會,0850508,彰化縣彰化市長壽街187號,興辦社會救助事業。,由柯明謀等捐助,彰化縣政府八十五年四月十九日,永久,10000000.00,1,1150507,,1150515,,董事變更。,,,,
115法登他000051,2,2,鄭舜元,554,1150408,1150424,1150424,8冊43頁,2,7,侯志淵,社團法人彰化縣保護少年婦幼協進會,1030313,彰化縣福興鄉秀厝村7鄰秀厝一街1號,目的在致力於保護少年婦幼，使非行少年迷途知返，回歸正途，讓婦女及幼童免於恐懼，遠離受暴環境，期能喚起社會大眾對少年及婦幼安全之重視，創造美好和諧之社會。,入會費、常年會費、會員捐款、委託收益、基金及其孳息、其他收入。,"彰化縣政府 中華民國93年5月18日府社政字第0930092297號函",永久,0.00,1,1150424,,1150505,,理監事變更、主事務所變更。,,,,
115法登他000052,1,2,鄭舜元,200,1150413,1150506,1150506,4冊71頁,1,8,劉庭瑄,財團法人熱愛生命文教基金會,0880722,彰化縣花壇鄉白沙村6鄰彰員路三段429巷40弄3號　　,1.社會教育文化活動，推動各項人才培育。2.青少年心理困擾協詢輔導。3.加強社會倫理孝道推展。4.協助兒童保護及兒童文化教育相關活動。5.各類青少年活動，宣導青少年生命教育。6.推廣傳統藝術文化。7.座談會、演講、團體輔導教育大眾，增長現代生活之能力。8.原住民文化事業。9.發行或出版文化專刊與著作。10.舉辦國際性(全國性、省、地方性)文化活動。11.推展社會福利暨教育服務工作。12.兒童、青少年、婦女、新住民、新住民之子、老人及低收入戶、弱勢族群教育服務方案。13.各類身心障礙者之福利活動，之教育服務及培訓志工。,無條件捐贈，由林錦勝先生捐助,"彰化縣政府 中華民國88年7月1日八八彰府教社字第124767號函",永久,2000000.00,1,1150506,,1150514,,董事變更。,,,,
115法登他000053,2,2,鄭舜元,801,1150413,1150811,1150811,10冊137頁,2,3,廖宜新,社團法人台灣長照人才品管學會,1090221,彰化縣埔心鄉中正路2段80號2樓,本會為依法設立、非以營利為目的之社會團體，以培育暨提升長照人才為宗旨。,會員會費…等,"內政部 中華民國109年1月7日台內團字第1080082763號函",永久,118600.00,1,1150811,,1150820,,理監事、章程變更。,,,,
115法登他000054,2,2,鄭舜元,184,1150424,1150602,1150602,4冊39頁,2,17,游明洲,社團法人彰化縣聲暉協進會,0811206,彰化縣員林市莒光路745巷6號,"1.倡導聽障兒之學前口語教育，促其回歸教育主流。 2.結合聽障者家長及熱心人士力量，以謀求提昇聽障者之教育品質與就業機會。 3.提供聽障者家長專業知識訊息。 4.連繫國內外有關機構，增進專業知識的交流。",各方善心人士及會員捐助,"彰化縣政府 中華民國81年12月6日府社政字第81043號函核准立案",永久,2312125.00,1,1150602,,1150610,,理監事、章程變更。,,,,
115法登他000057,2,2,鄭舜元,943,1150424,1150522,1150522,12冊117頁,1,1,王秀麥,社團法人彰化縣正英文教慈善會,1120801,彰化縣伸港鄉定興村定興路140號,以推廣中華固有文化八德教育，弘揚倫理孝道等傳統文化，以身、心、靈教化為宗旨。,入會費、常年會費、會員捐款。,"彰化縣政府 中華民國112年5月19日府社發展字第1120187247號函",永久,5913082.00,1,1150522,,1150601,,財產總額變更。,,,,
115法登他000058,2,2,鄭舜元,950,1150428,1150625,1150625,12冊131頁,1,2,洪毓雯,社團法人彰化縣樂林食物銀行慈善會,1120921,彰化縣二林鎮建興街40號,以食物援助、貧困濟助、減少食物浪費、建構無飢餓網絡為宗旨。,"本會經費來源如下：
一、入會費：個人新臺幣壹仟元，團體新臺幣壹仟元，於會員入會時繳納，70歲(含)以上個人會員免收。
二、常年會費：個人新臺幣壹仟貳佰元，團體新臺幣貳千元，每年繳納一次，70歲(含)以上個人會員免收。
三、會員捐款。
四、委託收益。
五、基金及其孳息。","彰化縣政府 中華民國109年6月11日府社發展字第1090198786號函",永久,2080810.00,1,1150625,,1150706,,理監事變更。,,,,
115法登他000059,2,2,鄭舜元,704,1150428,1150529,1150529,9冊143頁,2,3,楊柏楷,社團法人彰化縣秀水玉陵宮宗教會,1061126,彰化縣秀水鄉金陵村番花路450巷46號,以魁星大帝信仰為根本，推動魁星大帝學術與文化交流，並傳承魁星大帝之禮儀及文化，廣結善心人士，促進眾生智慧通達、社會和諧為宗旨。,一、入會費：新台幣貳百元，於會員入會時繳納。二、常年會費：新台幣壹千元。三、會員捐款。四、委託收益。五、基金及其孳息。六、其他收入。,"彰化縣政府 中華民國106年12月11日府社發展字第1060419574號",永久,0.00,1,1150601,,1150610,,理監事變更。,,,,
115法登他000060,1,2,鄭舜元,168,1150429,1150526,1150526,4冊7頁,2,9,周清玉,財團法人關懷文教基金會,0860807,彰化縣彰化市卦山里大智路5巷1號,以舉辦推動獎助及研究有關教育文化及社會和諧等公益及文教性活動，以達成平安喜樂健康的社會為主要宗旨。,周清玉捐助新台幣伍佰萬元整，嗣後並得接受捐贈。,台灣省政府教育廳八十六年七月二十六日（86）教五字第13534號,永久,5000000.00,1,1150526,,1150605,,董事變更。,,,,
115法登他000061,1,2,鄭舜元,417,1150504,1150810,1150810,6冊98頁,2,2,莊麗珠,財團法人聯米文化基金會,0990330,彰化縣埤頭鄉彰水路二段526之1號,以米食文化傳承、稻米成長環境保育、促進多元米類文化發展為宗旨。,現金,彰化縣政府文化局中華民國99年2月4日,中華民國98年12月10日,5000000.00,1,1150810,,1150818,,董事、捐助章程變更。,,,,
115法登他000062,2,2,鄭舜元,260,1150506,1150601,1150601,5冊65頁,2,14,姚淑玲,社團法人彰化縣康復之友協會,0911111,彰化縣彰化市和平路114號,本會協助罹患精神疾病的康復之友與家屬逐步適應社會生活，增進社交技巧，改善人際關係為宗旨。,會員入會費、常年會費、會員捐款。,"彰化縣政府 中華民國88年7月7日彰府社政字第88033號函",永久,0.00,1,1150601,,1150612,,理監事、章程變更。,,,,
115法登他000063,1,2,鄭舜元,687,1150506,1150512,1150512,9冊109頁,1,3,李秀妙,財團法人張炳耀環境永續發展基金會,1060814,彰化縣員林市中央里14鄰員集路二段177巷83弄臨8號,本會以協助推動環保資源有效利用，從事廢棄物之研究發展工作，引進科技新知，促進環境資源永續經營並以實際行動推動保護自然環境，追求生態之平衡，落實節能減碳愛地球，協助政府推動能源及環保相關施政，達成經濟與環保雙贏為目的。,全部由張鑫達壹次以現金捐助之,"行政院環境保護署 中華民國106年5月22日環署綜字第1060037641號函",永久,5000000.00,1,1150512,,1150520,,董事變更。,,,,
115法登他000064,2,2,鄭舜元,297,1150506,1150519,1150519,5冊141頁,1,7,陳嘉信,社團法人彰化縣喜樂小兒麻痺關懷協會,0931105,彰化縣竹塘鄉內新村東陽路2段39號,本會秉持基督信仰，傳承瑪喜樂女士（阿嬤）愛人如己的精神。結合本縣小兒麻痺的朋友，互相關懷、扶持，並傳遞基督的真愛。進而讓小兒麻痺的朋友活出自我，迎向光明。,入會費、常年會費、贊助會員會費、永久個人會費、永久贊助會員會費。,"彰化縣政府 中華民國九十三年四月九日府社政字第○九三○○六五八二八號函。",永久,21000.00,1,1150519,,1150528,,主事務所變更。,,,,
115法登他000065,1,2,鄭舜元,458,1150507,1150601,1150601,7冊51頁,2,6,張天民,財團法人彰化縣私立張君雅社會福利慈善事業基金會,1000729,彰化縣田中鎮員集路3段465號,本會以辦理社會福利慈善事業為目的,由保旺國際投資有限公司捐助成立,"彰化縣政府 中華民國100年7月8日",永久,10000000.00,1,1150601,,1150612,,董事變更,,,,
115法登他000066,1,2,鄭舜元,48,1150511,1150519,1150519,2冊69頁,2,13,吳玉美,財團法人全興文教基金會,0770705,彰化縣花壇鄉中山路二段789號,以興辦教育，弘揚文化為宗旨。,由全興工業股份有限公司暨其關係人等捐助,"彰化縣政府 中華民國77年6月8日七七彰府教社字第112473號",永久,3600000.00,1,1150519,,1150526,,董事變更,,,,
115法登他000067,2,2,鄭舜元,675,1150511,1150601,1150601,9冊85頁,1,3,郭玲君,社團法人彰化縣益康關懷協會,1060417,彰化縣彰化市中山路二段267巷2號1樓,扶助弱勢族群，推廣公益活動，從事社會福利、公益慈善事業。,會員捐款，一般捐款,"彰化縣政府 中華民國106年3月13日府社發展字第1060074770號函",永久,0.00,1,1150601,,1150612,,章程變更。,,,,
115法登他000068,2,2,鄭舜元,850,1150513,1150610,1150610,11冊35頁,2,3,陳玉純,社團法人彰化縣蕪菁愛家園關懷協會,1100104,彰化縣永靖鄉永南村開明路28號,以服務社區民眾及身心障礙人士與家長及成立身心障礙者社區日間作業設施服務(小作所)為宗旨，並服務彰化縣社區民眾推廣體適能全民運動。,會費、善心捐款、政府補助。,"彰化縣政府 中華民國109年12月7日府社發展字第1090441626號函",永久,286435.00,1,1150610,,1150622,,理監事變更。,,,,
115法登他000069,2,2,鄭舜元,788,1150515,1150629,1150629,10冊111頁,2,6,鄭舜平,社團法人台灣健康產業平衡計分卡管理協會,0990924,彰化縣彰化市南瑶里中山路1段542號,本會以促進國內健康產業策略管理、培訓高階領導人才，提升健康產業經營效率與品質及改善營運績效為宗旨。,一、入會費。二、常年會費。三、事業費。四、會員捐款。五、委託收益。六、基金及其孳息。七、其他收入。,"內政部 中華民國99年7月8日台內社字第0990123113號函",永久,141600.00,1,1150629,,1150707,,理監事變更。,,,,
115法登他000070,2,2,鄭舜元,1039,1150518,1150603,1150603,13冊133頁,1,1,蔡朋三,社團法人彰化縣同安蔡氏檨仔腳宗親會,1141211,彰化縣芬園鄉同安村15鄰大彰路3段445巷16弄3號,以樹立族人互愛互助及倫理道德，患難扶持熱愛宗族觀念為宗旨。,入會費、常年會費、會員捐款、委託收益、基金及其孳息。,"彰化縣政府 中華民國114年2月5日府社發展字第1140038362號函",永久,146361.00,1,1150603,,1150612,,主事務所變更。,,,,
115法登他000071,2,2,鄭舜元,987,1150519,1150629,1150629,13冊29頁,1,2,林東緯,社團法人彰化縣寊寶福利關懷協會,1131008,彰化縣和美鎮鹿和路六段1巷90弄120號,本會為依法設立，辦理長期照顧服務。,入會費，常年會費，會員捐款，委託收益，基金及其孳息。,"彰化縣政府 中華民國107年4月27日府社發展字第1070138553號",永久,0.00,1,1150629,,1150707,,主事務所變更,,,,
115法登他000072,2,2,鄭舜元,753,1150520,1150709,1150709,10冊41頁,2,3,黃瑞卿,社團法人彰化縣二水惠民黃氏宗親會,1080222,彰化縣二水鄉山腳路一段121巷135號,團結黃氏宗親，崇祀祖先，發揚祖德，敦睦宗誼，以振興民俗文化。,入會費、常年會費、會員捐款、其他收入,"彰化縣政府 中華民國107年12月3日府社發展字第1070417088號函",永久,24500.00,1,1150709,,1150720,,主事務所變更。,,,,
115法登他000073,2,2,鄭舜元,246,1150521,1150629,1150629,5冊37頁,1,14,王松澤,社團法人彰化縣公害防治協會,0910327,彰化縣鹿港鎮永寧街242號,⑴防治公害、維護生態環境、保育自然資源⑵宣導環保意識、推展環保工作⑶協助縣民解決公害問題⑷協助辦理公害救助。,⑴會員入會費與常年會費⑵社會各界之捐贈,"彰化縣政府 中華民國75年10月21日彰府社政補字第77007號",永久,948411.50,1,1150630,,1150707,,理監事變更。,,,,
115法登他000074,2,2,鄭舜元,998,1150521,1150731,1150731,13冊51頁,2,2,袁紹忠,社團法人彰化縣技能推廣協會,1140107,彰化縣彰化市彰馬路253號1樓,本會以保障會員權益、充實會員知能、提升會員技能、改善會員生活、增進會員福祉並協助政府推行政令為宗旨。,一、入會費。二、常年會費。三、會員捐款。四、委託收益。五、基金及其孳息。,"彰化縣政府 中華民國113年2月22日府社發展字第1130062843號函",永久,0.00,1,1150731,,1150810,,理監事、章程變更。,,,,
115法登他000075,2,2,鄭舜元,797,1150521,1150709,1150709,10冊129頁,2,50,吳朝棟,社團法人彰化縣北斗扶輪社,1090217,彰化縣北斗鎮三民街武英巷24號2樓,一、藉增廣相識為服務之機會。二、在各項事業及專業中提高道德之標準。三、每一社員能以服務之理想應用於其個人、事業及社會之生活。四、透過結合具有服務之理想之各種事業及專業人士。,1.入會費、2.常年會費、3.會員捐款、4.其他收入。,"彰化縣政府 中華民國68年3月16日府社發展字第105106號函",永久,1840372.00,1,1150709,,1150720,,理監事、章程變更。,,,,
115法登他000076,2,2,鄭舜元,920,1150529,1150629,1150629,12冊71頁,2,11,謝得發,社團法人彰化縣薩迦佛學會,1111214,彰化縣員林市永興街220號2樓,弘揚薩迦巴佛法為主，不分教派佛法為佐，實現修行利生為宗旨。,會費及捐款收入,"彰化縣政府 中華民國84年9月23日八四府社政字第170356號函",永久,224352.00,1,1150629,,1150707,,理監事變更。,,,,
115法登他000077,1,2,鄭舜元,8,1150604,1150630,1150630,1冊15頁,1,15,楊瑞嬌,財團法人臺灣省彰化縣私立文興高級中學,0610110,彰化縣田中鎮員集路3段93號,"一、以天主教「全人教育」為辦學的目標和理想。
二、竭盡所能教養學生成為「幸福之人」和「有用之人」。
三、從事青少年及幼兒教育，並推動及辦理終身學習，增進國民基本生活知能。",天主教教廷、耶穌聖心修女會補助、社會人士捐獻及學生學雜費等。,"台灣省教育廳 60年11月15日教二字第82058號",永久,487965211.00,1,1150630,,1150708,,董事變更、財產總額變更。,,,,
115法登他000078,2,2,鄭舜元,1030,1150605,1150731,1150731,13冊115頁,2,5,李寬祝,社團法人彰化縣國立空中大學彰化校友會,1141015,彰化縣芳苑鄉漢寶村成功路140號,"1.聯絡校友感情。
2.協助母校發展。
3.服務社會、貢獻國家。","一、入會費：新台幣貳佰元，於入會時繳納。
二、常年會費：新台幣伍佰元，於每年會計年度開始時繳納。
三、永久會員：新台幣伍仟元，於入會時繳納。
四、捐款。
五、本會得在年度決算盈餘時提撥百分之五為本會之準備基金。
六、其他收入。","彰化縣政府 中華民國111年3月23日府社發展字第1110104683號",永久,98250.00,1,1150731,,1150810,,理監事、連任董（理）事、監事印鑑、主事務所、財產、章程、法人印信（圖記）變更。,,,,
115法登他000079,2,2,鄭舜元,671,1150605,1150703,1150703,9冊77頁,2,6,包秉融,社團法人牟尼佛教協會,1060321,彰化縣溪州鄉潮洋村陸軍路一段271號,以弘揚釋迦牟尼佛博愛教化，淨化人心，利益社會，普度眾生，引領精進研讀佛教經典，逐步轉化心性，斷除煩惱，直達明心見性，清淨圓滿。,入會費、常年會費、會員捐款、基金及其孳息。,"內政部 中華民國106年2月9日台內團字第1050091160號",永久,41342631.00,1,1150703,,1150713,,理監事變更、財產總額變更。,,,,
115法登他000080,1,2,鄭舜元,15,1150605,1150630,1150630,2冊1頁,2,19,林騰蛟,財團法人建國科技大學,0630226,彰化縣彰化市介壽北路1號,為供應建國科技大學所需之一切設備及經費。,由創辦人馬繼先、張敏華二人共同出資捐助,教育部民國54年9月13日台(五四)高字第14233號,無限期,4033540445.00,1,1150630,,1150708,,董事、財產總額變更。,,,,
115法登他000081,2,2,鄭舜元,763,1150609,1150703,1150703,10冊61頁,2,9,梁坤煌,社團法人彰化縣福興東區扶輪社,1080715,彰化縣福興鄉彰鹿路7段234號,以服務社會為目的。,社員社費與捐款。,"彰化縣政府 中華民國107年10月26日府社發展字第1070371619號函",永久,2238152.00,1,1150703,,1150714,,理監事變更。,,,,
115法登他000083,2,2,鄭舜元,818,1150609,1150624,1150624,10冊171頁,2,3,林正銘,社團法人大愛無人機救災運用發展協會,1090610,彰化縣秀水鄉福安村村西巷35號,非以營利為目的之社會團體，以無人機防減救災及災區重建運用暨相關教育訓練，並協助各級政府部門、民間機構、救難單位之防減救災及災區重建任務為宗旨。,會員會費及捐助。,"內政部 中華民國109年4月28日台內團字第1090021473號函",永久,0.00,1,1150624,,1150701,,理監事變更。,,,,
115法登他000085,1,2,鄭舜元,4,1150612,1150630,1150630,1冊8頁,2,16,詹新府,財團法人彰化縣警化堂,0591007,彰化縣員林市新生里新義街172號,宣揚教義修持戒律提高國民道德興辦慈善公益事業社會福利為宗旨。,財產收益、信徒捐款、油香收入、其他等。,中華民國59年9月10日彰化縣政府,永久,99286754.00,1,1150630,,1150708,,董監事變更。,,,,
115法登他000086,2,2,鄭舜元,655,1150612,1150630,1150630,9冊45頁,1,3,黃以文,社團法人彰化縣沐風關懷協會,1050830,彰化縣彰化市建國南路177號,本於效法基督愛鄰如己的精神，結合社會大眾的力量，共同濟弱扶貧、關懷鄰里，服務社區，發展社會公益事務。,1.入會費、常年會費。2.捐款收入等。,彰化縣政府105年6月6日府社發展字第1050189557號,永久,19950.00,1,1150630,,1150708,,主事務所變更。,,,,
115法登他000087,2,2,鄭舜元,718,1150612,1150630,1150630,9冊171頁,1,2,賴瑞鴻,社團法人彰化縣基督教旌旗協會,1070410,彰化縣彰化市建國南路177號,以實踐基督耶穌信仰、發展社會公益事務、培訓人才參與基督教社會服務工作為宗旨。,1.入會費、常年會費。2.捐款收入等。,"彰化縣政府 中華民國107年1月31日府社發展字第1070032298號函",永久,19950.00,1,1150630,,1150708,,主事務所變更。,,,,
115法登他000088,2,2,鄭舜元,298,1150623,1150709,1150709,5冊139頁,2,7,陳嘉信,社團法人中華民國喜樂身心靈障礙者福利促進協會,0931109,彰化縣竹塘鄉內新村東陽路2段39號,本會秉持基督信仰，傳承瑪喜樂女士（阿嬤）愛人如己的精神。結合本縣小兒麻痺的朋友，互相關懷、扶持，並傳遞基督的真愛。進而讓小兒麻痺的朋友活出自我、迎向光明。,入會費、常年會費、贊助會員會費、永久個人會費、永久贊助會員會費。,"內政部 中華民國九十三年八月十一日台（九十三）內社字第○九三○○二九一九三號函。",永久,52000.00,1,1150709,,1150720,,主事務所變更。,,,,
115法登他000089,1,2,鄭舜元,905,1150623,1150709,1150709,12冊41頁,2,2,陳忠盛,伯立歐長照財團法人,1110704,彰化縣竹塘鄉東陽路2段39號,為從事長期照顧服務機構及秉持基督信仰，傳承瑪喜樂女士愛人如己的精神，致力發展偏鄉長期照顧多元化適性服務，為身障者、失能者、失智者等打造養生家園，讓所有照顧需求者獲得個別化長照資源，並結合社區服務量能，建立社區共融式長期照顧模式之目的，設立伯立歐長照財團法人。,由社團法人彰化縣喜樂小兒麻痺關懷協會捐助。,"彰化縣政府 中華民國111年4月19日府授衛長字第1110140325號函",永久,14850000.00,1,1150709,,1150720,,董監事、主事務所、捐助章程變更。,,,,
115法登他000090,1,2,鄭舜元,21,1150623,1150731,1150731,2冊13頁,1,19,謝式穀,財團法人臺灣省彰化縣私立精誠高級中學,0670624,彰化縣彰化市平和里林森路200號,為發展地方教育，培植青年蔚為國用創設本校。,捐贈,"臺灣省政府教育廳 民國45年10月9日許可",永久,761891782.00,1,1150811,,1150811,,監察人變更。,,,,
115法登他000091,2,2,鄭舜元,258,1150623,1150731,1150731,5冊61頁,2,9,蕭瑞華,社團法人中華全球生命教育推動協會,0910807,彰化縣彰化市中正路一段226巷29號,本會以關懷青少年、推動生命教育、營造美好人生、建立幸福家庭之理念，舉辦對生活的啟導、生命的抉擇、心靈淨化建構全人安頓的社會福利、公益、教育、文化事業，促使社會祥和為宗旨。,常年會費、事業費、會員捐款、委託收益、基金及孳息,"內政部 中華民國九十年八月三十日台（九十）內社字第九○七三六四九號",永久,42733.00,1,1150731,,1150811,,理監事變更。,,,,
115法登他000093,1,2,鄭舜元,166,1150629,1150731,1150731,4冊3頁,2,11,沈呂百,財團法人頂新和德文教基金會,0860722,彰化縣永靖鄉中山路二段60號4樓,推展永靖鄉藝文、體育、環保活動,頂新製油實業股份有限公司捐助。俟本會依法完成財團法人登記後，得繼續接受捐助。,"彰化縣政府 中華民國86年6月19日",永久,2000000.00,1,1150811,,1150811,,董事、捐助章程變更。,,,,
115法登他000094,2,2,鄭舜元,834,1150629,1150716,1150716,11冊3頁,2,4,陳志宗,社團法人彰化縣鹿港鎮打鐵厝張順天帥宗教協會,1090923,彰化縣鹿港鎮鹿東路2段513號,依本會章程第四條辦理。配合慈善、公益、文化、宗教團體，協助推廣政令，端正社會風氣。期興建以張順天帥為信仰中心之廟宇，以利扶貧助弱，共創安樂社會。,理監事樂捐,"彰化縣政府 中華民國109年6月3日府社發展字第1090191282號函",永久,225000.00,1,1150716,,1150727,,理監事變更。,,,,
115法登他000095,1,2,鄭舜元,12,1150630,1150707,1150707,1冊23頁,1,5,張代新,財團法人彰化縣員林教會聚會所,0620626,彰化縣員林市育英路153號,依據聖經，傳揚耶穌基督福音，引人歸主，成立聚會及興辦社會福利公益事業。,捐贈,中華民國六十二年五月三十日許可,永久,37506727.56,1,1150707,,1150716,,財產總額變更。,,,,
115法登他000096,1,2,鄭舜元,945,1150701,1150803,1150803,12冊121頁,1,1,陳桂興,財團法人玉線玄門真宗教基金會,1120803,彰化縣彰化市金馬路3段439號8樓之2,本法人本於信仰玄靈高上帝《關聖帝君》忠義之精神，以傳佈玄門真宗五常德教義為目的、宗旨，主要辦理傳教事業，次以興辦學術研究、社會福利、慈善事業等，以宗教的慈悲心、誓願心，行諸渡化的方便法門，力促以知從「聖凡雙修」「三命圓融」中尋求自我生命意義的昇華及同體大悲的精神，回饋社會、服務人群。,由陳重志、陳泰霖、陳惠真、游朱義共同捐助。,"內政部 中華民國112年7月18日台內民字第1120034468號函",永久,30000000.00,1,1150803,,1150812,,法人印信變更。,,,,
115法登他000097,2,2,鄭舜元,179,1150706,1150709,1150709,4冊29頁,2,30,楊勝媚,社團法人彰化縣松柏扶輪社,0861231,彰化縣彰化市中山路2段351號11樓,①以推廣相識為服務之機會②在各種事業及專門職業中提高道德之標準，認識一切有益於社會的職業之價值，及每一位社員應尊重其本身之職業藉以服務社會，餘如章程。,社員捐款、入社費、年費及自由樂捐,"彰化縣政府 中華民國87年1月9日彰府社政字第87001號函",永久,400000.00,1,1150709,,1150720,,理監事變更。,,,,
115法登他000099,1,2,鄭舜元,385,1150707,1150731,1150731,6冊105頁,1,6,伍勝園,財團法人車輛安全審驗中心,0980206,彰化縣鹿港鎮鹿工北二路2號,協助交通部辦理車輛安全管理相關業務，研究車輛安全法規標準與管理制度，提昇國內車輛安全。,由交通部、財團法人車輛研究測試中心、財團法人自行車暨健康科技工業研究發展中心、中華民國汽車安全協會、中華民國機車研究發展安全促進協會、台灣區車輛工業同業公會、台北市汽車代理商業同業公會及台灣區車體工業同業公會共同捐助。,"交通部 中華民國98年1月23日交路字第0980017138號函",永久,24918500.00,1,1150731,,1150811,,董事變更。,,,,
115法登他000100,1,2,鄭舜元,461,1150709,1150811,1150811,7冊57頁,2,6,李正雄,財團法人維豐文化藝術基金會,1000816,彰化縣員林市員草路691號,獎助本土青年文創人才，提升藝術文化風氣。,捐助現金,彰化縣政府100年7月28日,永久,5000000.00,1,1150811,,1150820,,董事變更。,,,,
115法登他000102,1,2,鄭舜元,3,1150710,1150807,1150807,1冊6頁,1,18,莊孝盛,財團法人彰化縣私立基督教喜樂保育院,0590926,彰化縣二林鎮中西里二城路7號,秉持基督博愛精神教養身心障礙者，以推展身心障礙福利事業為宗旨。,由創辦人瑪喜樂捐助、政府補助、社會善心人士捐助。,"彰化縣政府 中華民國五十九年五月二十四日",永久設立,191319279.00,1,1150807,,1150817,,捐助章程變更。,,,,
115法登他000106,2,2,鄭舜元,307,1150715,1150811,1150811,5冊159頁,2,30,曹清志,社團法人彰化縣員林螢光慈善會,0940303,彰化縣員林市員農街105號,扶孤、慰疾、濟貧、助困、結合眾力協解急難、發揚仁義道德精神、共同推展社會福利之工作，以己有餘，助人不足，拋磚引玉啟迪人類惻隱。,一、會員會費。二、善心人士樂捐。三、活動舉辦補助款。四、活動舉辦之結餘。,彰府社政字第八三○二四號中華民國七十四年二月十日。,永久,5243822.00,1,1150811,,1150820,,理監事變更。,,,,
115法登他000109,1,2,鄭舜元,56,1150717,1150803,1150803,2冊85頁,1,12,陳信甫,財團法人錫卿文教基金會,0790331,彰化縣彰化市光復路12號,舉辦文教事業，宏揚文教及增進國民健康為宗旨。,由黃明和等七人捐助，並得繼續接受各類款項、設備及儀器之捐助。,"彰化縣政府 中華民國78年12月27日七八彰府教社字第一七六七九一號函",永久,3200000.00,1,1150803,,1150812,,捐助章程變更。,,,,
115法登社000002,2,1,鄭舜元,1047,1150202,1150316,1150316,13冊149頁,,,陳立欣,社團法人彰化縣銀齡共好關懷協會,1150316,彰化縣社頭鄉清水村清水岩路1之10號,以尊重長者價值、提升銀齡生活品質、促進社區交流活動、推廣健康與快樂老化、實現互助共榮為宗旨。,入會費、常年會費、會員捐款、委託收益、基金及其孳息。,"彰化縣政府 中華民國114年12月26日府社發展字第115002號",永久,0.00,1,1150316,,1150324,,,,,,
115法登社000003,2,1,鄭舜元,1046,1150210,1150302,1150302,13冊147頁,,,陳忠裕,社團法人彰化縣溪湖忠覺玄天宮宗教會,1150302,彰化縣溪湖鎮河東里河東路142巷12號,以遵照道廟禮制，安祀配神，以弘揚道教教義、樹立民間正信、宣導主神聖蹟、革除不良習俗，激發人心向善、促進社會和諧、復興民族文化、保存民族精神；並興辦公益慈善及文化教育建設等事務為宗旨。,一、入會費：新台幣1000元於會員入會時繳納。二、常年會費：新台幣1000元。三、會員捐款。四、委託收益。五、基金及其孳息。,"彰化縣政府 中華民國115年1月16日府社發展字第1150020270號",永久,0.00,1,1150302,,1150311,,,,,,
115法登社000004,2,1,鄭舜元,1049,1150213,1150323,1150323,13冊153頁,,,詹鎮福,社團法人彰化縣竹塘鄉竹塘社區發展協會,1150323,彰化縣竹塘鄉竹塘村20鄰中興街37號,以促進社區發展，增進居民福利，建設安和融洽，團解互助之現代化社會為宗旨。,入會費、常年會費、社區生產收益、政府機關之補助、捐款收入、社區辦理福利服務活動之收入、基金及其孳息、其他收入。,彰化縣政府中華民國85年1月30日彰府社政字第85006號立案證書,永久,500000.00,1,1150323,,1150331,,,,,,
115法登社000005,2,1,鄭舜元,1050,1150304,1150323,1150323,13冊155頁,,,梁徽彬,社團法人彰化縣鴻大產業園區管理中心,1150323,彰化縣秀水鄉莊雅村寶溪巷3號2樓,促進地方經濟發展、提升產業競爭力，及管理維護園區內的公共設施和相關服務輔導事宜為宗旨。,入會費、常年會費、會員捐款、利息收入、其他收入。,"彰化縣政府 中華民國115年2月10日府綠產字第1150028500號函",永久,166464.00,1,1150323,,1150331,,,,,,
115法登社000006,2,1,鄭舜元,1053,1150304,1150423,1150423,13冊161頁,,,陳昌琪,社團法人中華順天母娘德儀會,1150423,彰化縣溪湖鎮華興街8號,以發揚順天母娘濟貧救世之理念與素養，推展慈善之信念、廣結善緣與飲水思源之理念。積極關懷弱勢團體、推動社會服務促進社會祥和與穩定發展為宗旨。,入會費、常年會費、事業費、會員捐贈、委託收益、基金及其孳息、其他收入。,"內政部 中華民國115年2月5日台內團字第1140050219號",永久,0.00,1,1150423,,1150504,,,,,,
115法登社000007,2,1,鄭舜元,1051,1150304,1150323,1150323,13冊157頁,,,黄盈豐,社團法人彰化縣彰邑大西門福德正神會,1150323,彰化縣彰化市磚瑤里2鄰彰草路394巷28號,遵照道廟禮制，安祀配神，以弘揚道教教義、樹立民間正信、宣導主神聖蹟、革除不良習俗，激發人心向善、促進社會和諧、復興民族文化、保存民族精神；文化教育建設等事務。,會員會費、自由捐贈。,"彰化縣政府 中華民國115年2月9日府社發展字第1150048276號函設立許可",永久,0.00,1,1150323,,1150401,,,,,,
115法登社000008,2,1,鄭舜元,1054,1150316,1150423,1150423,13冊163頁,,,蘇正興,社團法人彰化縣鹿港海埔福德會,1150423,彰化縣鹿港鎮海埔里海浴路843號,以發揚並推廣福德正神信仰為宗旨。,一、入會費。二、常年會費。三、會員捐款。四、委託收益。五、基金及其孳息。,"彰化縣政府 中華民國115年3月9日府社發展字第115073754號函",永久,0.00,1,1150423,,1150504,,,,,,
115法登社000010,2,1,鄭舜元,1052,1150323,1150409,1150409,13冊159頁,,,陳杉銘,社團法人彰化縣豐澤真武宮宗教會,1150409,彰化縣溪湖鎮湖東里彰水路四段614巷臨176號,以遵造道廟禮制，安祀配神，以弘揚道教教義、樹立民間正信、宣導主神聖蹟、革除不良習俗，激發人心向善、促進社會和諧、復興民族文化、保存民族精神；並興辦公益慈善及文化教育建設等事務為宗旨。,一、入會費：新台幣500元於會員入會時繳納。二、常年會費：新台幣500元。三、會員捐款。四、委託收益。五、基金及其孳息。,"彰化縣政府 中華民國115年3月4日府社發展字第1150076002號",永久,0.00,1,1150409,,1150420,,,,,,
115法登社000011,2,1,鄭舜元,1057,1150410,1150522,1150522,13冊169頁,,,楊金昭,社團法人彰化縣溪湖三聖功德會,1150522,彰化縣溪湖鎮二溪路156號,非以營利為目的之社會團體，以結合地方資源，推動社會公益、急難救助、弱勢關懷及促進社會互助為宗旨。,入會費、常年會費、會員捐款、委託收益、基金及其孳息。,"彰化縣政府 中華民國115年3月23日 府社發展字第1150106858號",永久,0.00,1,1150522,,1150602,,,,,,
115法登社000012,2,1,鄭舜元,1056,1150413,1150520,1150520,13冊167頁,,,黃淑真,社團法人彰化縣台灣史萊姆運動推廣協會,1150520,彰化縣花壇鄉金墩村金城街167巷39號,本會以推廣滑行墊核心健身運動及相關休閒運動，培育專業師資，健全全民運動環境，提升青少年及社會大眾之體能素質與團隊合作精神為宗旨。,入會費、常年會費、會員捐款、委託收益、基金及其孳息。,"彰化縣政府 中華民國115年1月21日府社發展字第1150025766號",永久,61000.00,1,1150520,,1150528,,,,,,
115法登社000013,2,1,鄭舜元,1059,1150421,1150625,1150625,13冊173頁,,,魏行墨,社團法人台灣知行生命教育協會,1150625,彰化縣花壇鄉番花路360巷42弄臨96號,以人為本，藉由生命教育及社區營造，實質改善生命處境與生態環境，達到人類永續與健康生活為宗旨。,入會費、常年會費、事業費、會員捐款、委託收益、基金及其孳息、其他收入,"內政部 中華民國115年2月5日台內團字第1150002753號函",永久,0.00,1,1150625,,1150706,,,,,,
115法登社000015,2,1,鄭舜元,1055,1150506,1150518,1150518,13冊165頁,,,邱錫洲,社團法人彰化縣遠山天上聖母善信發展協會,1150518,彰化縣永靖鄉永興村永興路一段103巷56號,本會為依法設立、非以營利為目的之公益性社會團體，本會以供奉天上聖母，啟發地方善良文化、善導信眾正向信念、造福人群為宗旨。,入會費、常年會費、會員捐款、委託收益、基金及其孳息。,"彰化縣政府 中華民國115年4月16日府社發展字第1150130777號",永久,118000.00,1,1150518,,1150526,,,,,,
115法登社000016,2,1,鄭舜元,1063,1150511,1150709,1150709,13冊181頁,,,劉裕源,社團法人彰化縣二林東興太鼓協會,1150709,彰化縣二林鎮北平里新民街10號,"本會之目的如下，並依相關法令規定推動及執行：
一、促進社區和諧，結合社區運動及休閒。
二、增進社區居民強健體魄。
三、維護社區長者優良體適能。
四、增加社區對外表演擴張社區知名度，以促進社區創生之能見度。
五、優良體適能訓練成就新一代之跟進。
六、社區居民團結一致，共創社區發展。",本會經費來源如下：一、入會費。二、常年會費。三、會員捐款。四、委託收益。五、基金及其他孳息。,"彰化縣政府 中華民國115年5月4日府社發展字第1150165667號",永久,0.00,1,1150709,,1150717,,,,,,
115法登社000018,2,1,鄭舜元,1061,1150529,1150629,1150629,13冊177頁,,,黃筱筑,社團法人臺灣艾溫美容美體美業教育推廣協會,1150629,彰化縣永靖鄉永北村北勢巷14弄9號,本會為依法設立、非以營利為目的之公益性社會團體，臺灣美容美體美業的行業蓬勃興起，每個人都有小小的創業夢想，無論是非本業相關或二度就業、家庭主婦都想增加家庭之經濟收入、斜槓增加自己的技能，而專業之美容美體美業者也想增加店內之營業項目等，本會為協助讓這些從業者或是有興趣從事相關行業之社會大眾有更多一起學習交流的空間，培養更多專長技能，為自己創造更多就業機會，以創造、學習與分享的同時能共同圓夢為宗旨。,一、入會費。二、常年會費。三、事業費。四、會員捐款。五、委託收益。六、基金及其孳息。七、其他收入。,"內政部 中華民國113年10月8日台內團字第1130037593號函",永久,1000.00,1,1150629,,1150707,,,,,,
115法登社000019,2,1,鄭舜元,1060,1150603,1150625,1150625,13冊175頁,,,何伊涵,社團法人彰化縣生生不息發展協會,1150625,彰化縣田中鎮文化街16號,推動高品質嬰幼兒托育服務、協助家長減輕育兒負擔、並營造社區友善生養環境、確保兒童身心健康發展為宗旨。,無,"彰化縣政府社會處 中華民國115年5月13日",永久,0.00,1,1150625,,1150706,,,,,,
115法登社000021,2,1,鄭舜元,1064,1150618,1150709,1150709,13冊183頁,,,謝榮欽,社團法人彰化縣順正大王公文化發展協會,1150709,彰化縣鹿港鎮棋盤巷78之3號,以研究、保存及推廣鹿港棋盤厝順正大王文化、深化地方傳統信仰、促進文化資產保存與社區互助為宗旨。,會員入會費、常年會費、捐款、贊助、補助、活動收益或出版品收入、其他合法收入。,"彰化縣政府 中華民國115年4月9日府社發展字第1150130717號",永久,0.00,1,1150709,,1150717,,,,,,
115法登社000022,2,1,鄭舜元,1066,1150623,1150731,1150731,13冊187頁,,,詹炳章,社團法人彰化縣壽錫媽祖文化協會,1150731,彰化縣永靖鄉永東村永寧街30號,宣揚天上聖母聖蹟，推展媽祖信仰文化與祭祀活動，扶助弱勢、服務人群，達到淨化社會，撫慰人心為宗旨。,1.入會費。2.常年會費。3.會員捐款。4.委託收益。5.基金及其孳息。6.其他收入。,"彰化縣政府 中華民國115年4月28日府社發展字第1150158078號函",永久,0.00,1,1150731,,1150810,,,,,,
115法登社000023,2,1,鄭舜元,1062,1150701,1150707,1150707,13冊179頁,,,吳振中,社團法人彰化縣彰邑西門天上聖母竹城媽會,1150707,彰化縣彰化市磚里2鄰彰草路394巷28號,遵照道廟禮制，安祀配神，以弘揚道教教義、樹立民間正信、宣導主神事蹟、革除不良習俗、激發人心向善、促進社會和諧、復興民族文化、保存民族精神；文化教育建設等事務。,會員會費、自由捐贈。,"彰化縣政府 中華民國115年6月15日府社發展字第1150229729號函",永久,0.00,1,1150707,,1150716,,,,,,
115法登社000024,2,1,鄭舜元,1065,1150703,1150716,1150716,13冊185頁,,,吳國華,社團法人法理仁道權益聯盟,1150716,彰化縣彰化市金馬路3段439號,本會致力於拯救並保護動物生命、鼓勵以慈悲為本的生活方式，凝聚社會共識，促進人類與動物和平共存，建立尊重生命的友善社會。,一、入會費。二、常年會費。三、事業費。四、會員捐款。五、委託收益。六、基金及其孳息。七、其他收入。,"內政部 中華民國115年5月22日台內團字第1150007217號",永久,0.00,1,1150716,,1150728,,,,,,
