登記案號,序號,職稱,姓名
115法登他000001,1,常務理事,賴冠綸
115法登他000001,2,監　事,吳秉儒
115法登他000001,3,理　事,謝宇倫
115法登他000001,4,理　事,吳國維
115法登他000001,5,常務理事,詹書維
115法登他000001,6,理　事,林威廷
115法登他000001,7,理　事,柳美墉
115法登他000001,8,理　事,賴建安
115法登他000001,9,監　事,張仕穎
115法登他000001,10,理　事,林祐民
115法登他000001,11,常務監事,曾俊維
115法登他000001,12,理事長,曾品皓
115法登他000001,13,理　事,陳韋名
115法登他000001,14,理　事,許晉維
115法登他000002,1,監　事,蔡宗德
115法登他000002,3,理事長,陳世榮
115法登他000002,4,"理  事",黃州甫
115法登他000002,5,常務理事,范志禧
115法登他000002,7,"理  事",蔡匡威
115法登他000002,8,"監  事",陳俊良
115法登他000002,9,"理  事",詹靜淵
115法登他000002,10,監　事,王承棨
115法登他000002,11,常務理事,許嘉明
115法登他000002,13,"理  事",顏啓煌
115法登他000002,14,"理  事",施珮如
115法登他000002,16,"理  事",王英豪
115法登他000002,18,"理  事",張志宇
115法登他000002,19,"理  事",黃志典
115法登他000002,20,"理  事",蔣東坤
115法登他000002,21,"理  事",李永昆
115法登他000002,22,理　事,梁弘偉
115法登他000002,23,理　事,林宏德
115法登他000002,24,常務監事,郭献欽
115法登他000002,25,監　事,吳興焜
115法登他000004,1,董事長,陳建亨
115法登他000004,2,董　事,陳乙嘉
115法登他000004,3,董　事,許麗兒
115法登他000004,4,董　事,施煥榮
115法登他000004,5,董　事,廖松岳
115法登他000004,6,董　事,黃培源
115法登他000004,7,董　事,洪連統
115法登他000004,8,董　事,黃榮村
115法登他000004,9,董　事,柯志昌
115法登他000004,10,監察人,謝孟謙
115法登他000005,2,董　事,蕭憲明
115法登他000005,3,董　事,楊壽一
115法登他000005,4,董　事,許正杰
115法登他000005,5,董　事,邱石崇
115法登他000005,7,董　事,魏美蓉
115法登他000005,8,董事長,賴耀裕
115法登他000005,10,董　事,郭東隆
115法登他000005,12,董　事,莊宏富
115法登他000005,13,監察人,賴世鐸
115法登他000005,14,董　事,張良明
115法登他000006,2,董　事,陳秀英
115法登他000006,3,董　事,許麗珠
115法登他000006,4,董　事,蔡永達
115法登他000006,5,董　事,李文卿
115法登他000006,6,董　事,林傳朝
115法登他000006,8,董　事,莊千又
115法登他000006,9,董事長,楊宏仁
115法登他000006,10,董　事,許世興
115法登他000006,11,董　事,曾瓊瑤
115法登他000007,1,董事長,陳文貴
115法登他000007,3,董　事,謝企榮
115法登他000007,6,董　事,朱志良
115法登他000007,10,董　事,張鴻德
115法登他000007,11,董　事,李仁淼
115法登他000007,12,監察人,盧豊茗
115法登他000007,13,董　事,鍾蔚起
115法登他000007,14,董　事,吳俊憲
115法登他000007,15,監察人,陳尚志
115法登他000008,1,董事長,韓繼綏
115法登他000008,2,董　事,葉林月昭
115法登他000008,3,董　事,陳子儀
115法登他000008,4,董　事,張世良
115法登他000008,5,董　事,葉育恩
115法登他000008,6,董　事,蘇炎坤
115法登他000008,7,董　事,蘇遂龍
115法登他000008,8,監察人,陳宏杰
115法登他000008,9,董　事,李　晶
115法登他000008,10,董　事,翁頌舜
115法登他000009,1,理事長,陳益祥
115法登他000009,2,常務理事,黃世豪
115法登他000009,3,常務理事,黃俊源
115法登他000009,4,理　事,陳炎輝
115法登他000009,5,理　事,陳玉忠
115法登他000009,6,理　事,許坤鑫
115法登他000009,7,理　事,趙明村
115法登他000009,8,理　事,黃榮清
115法登他000009,9,理　事,施順富
115法登他000009,10,常務監事,陳德智
115法登他000009,11,監　事,梁清根
115法登他000009,12,監　事,黃怡雯
115法登他000010,1,常務理事,吳素美
115法登他000010,2,常務理事,黃建仁
115法登他000010,3,理事長,王金車
115法登他000010,4,"理  事",劉紀章
115法登他000010,5,"理  事",蘇碧鳳
115法登他000010,6,"理  事",鄭林秀鳳
115法登他000010,7,"理  事",黃錫鐘
115法登他000010,8,"理  事",吳許珠娥
115法登他000010,9,"理  事",葉玉香
115法登他000010,10,"理  事",莊春菊
115法登他000010,11,"理  事",林烱郁
115法登他000010,12,"理  事",陳俊志
115法登他000010,13,"理  事",葉雲鳳
115法登他000010,14,"理  事",鐘國成
115法登他000010,15,理　事,林寶惜
115法登他000010,16,常務監事,謝巾英
115法登他000010,17,"監  事",劉子暉
115法登他000010,18,"監  事",林俐彣
115法登他000010,19,監　事,吳玉印
115法登他000010,20,"監  事",葉文瑞
115法登他000011,1,理事長,顏世陸
115法登他000011,2,常務理事,陳詠翔
115法登他000011,3,常務理事,顏煜維
115法登他000011,4,理　事,陳啓鋒
115法登他000011,5,理　事,蔡瑋恩
115法登他000011,6,理　事,林岱本
115法登他000011,7,理　事,趙志銘
115法登他000011,8,理　事,惠來產創股份有限公司
115法登他000011,9,理　事,寄生股份有限公司
115法登他000011,10,常務監事,黃筱茜
115法登他000011,11,監　事,鍾玉珍
115法登他000011,12,監　事,李宛宸
115法登他000012,1,董事長,陳穆寬
115法登他000012,2,董　事,謝明妤
115法登他000012,3,董　事,謝拱德
115法登他000012,4,董　事,鄭智文
115法登他000012,5,董　事,鄭光人
115法登他000012,6,董　事,賴健文
115法登他000012,7,董　事,張東浩
115法登他000012,8,董　事,陳富滿
115法登他000012,9,董　事,馬潔儀
115法登他000013,1,董事長,賴順德
115法登他000013,2,董　事,劉麗玉
115法登他000013,3,董　事,王麗華
115法登他000013,4,董　事,林月華
115法登他000013,5,董　事,林玉胎
115法登他000013,6,董　事,林李梅雪
115法登他000013,7,董　事,朱明香
115法登他000014,1,常務理事,陳卓岳
115法登他000014,2,常務監事,賴哲志
115法登他000014,3,監　事,吳明風
115法登他000014,4,監　事,黃嘉玲
115法登他000014,5,理　事,潘怡凱
115法登他000014,6,理事長,蔡維聲
115法登他000014,7,理　事,蕭鈞昱
115法登他000014,8,理　事,陳躍仁
115法登他000014,9,理　事,林彧玄
115法登他000014,10,常務理事,廖俊嵐
115法登他000014,11,理　事,詹為昇
115法登他000014,12,理　事,粘漢鵬
115法登他000015,1,董　事,林香妗
115法登他000015,2,董　事,朱志明
115法登他000015,3,董事長,吳科廷
115法登他000015,4,董　事,潘永信
115法登他000015,5,董　事,任卓羣
115法登他000016,1,常務理事,方云玶
115法登他000016,2,理事長,謝美慧
115法登他000016,3,常務理事,莊佳恩
115法登他000016,4,理　事,林孟村
115法登他000016,5,理　事,劉瓊雯
115法登他000016,6,理　事,鍾沛璇
115法登他000016,7,理　事,莊姍姍
115法登他000016,8,理　事,徐人貴
115法登他000016,9,理　事,許騌譁
115法登他000016,10,常務監事,蔡洪泗珍
115法登他000016,11,監　事,許純禎
115法登他000016,12,監　事,陳明義
115法登他000017,1,董　事,賴培楨
115法登他000017,2,董　事,楊宜芬
115法登他000017,3,董　事,徐聰榮
115法登他000017,4,董事長,賴添福
115法登他000017,5,董　事,陳碩甫
115法登他000017,6,董　事,林建昌
115法登他000017,7,董　事,陳振吉
115法登他000018,2,董　事,陳聖勲
115法登他000018,5,董事長,王柏竣
115法登他000018,6,監察人,江振峰
115法登他000018,10,董　事,陳信源
115法登他000018,11,董　事,張玉琪
115法登他000018,12,常務董事,黄敏翠
115法登他000018,15,常務董事,陳啓書
115法登他000018,16,董　事,黃敏生
115法登他000018,17,董　事,楊倉頂
115法登他000018,18,董　事,林伶諭
115法登他000018,19,監察人,李宜芳
115法登他000018,20,常務董事,陳幼欣
115法登他000018,21,監察人,古廖美玉
115法登他000018,22,董　事,呂沅融
115法登他000018,23,董　事,施忠良
115法登他000018,24,常務董事,張嘉澤
115法登他000018,25,董　事,廖金河
115法登他000018,26,董　事,周明弘
115法登他000019,1,理　事,陳詠琪
115法登他000019,2,理事長,黃勃叡
115法登他000019,3,監　事,李育錚
115法登他000019,4,理　事,魏平政
115法登他000019,5,常務理事,許富雄
115法登他000019,6,理　事,張伶榕
115法登他000019,7,副理事長,陳昱瑄
115法登他000019,8,理　事,劉鈞豪
115法登他000019,9,理　事,廖本揚
115法登他000019,10,常務監事,陳姿君
115法登他000019,11,監　事,陳銘傑
115法登他000019,12,理　事,陳如梅
115法登他000020,1,董事長,王正健
115法登他000020,2,常務董事,童建強
115法登他000020,3,董　事,張錫正
115法登他000020,5,董　事,詹寶珠
115法登他000020,6,董　事,吳秋文
115法登他000020,7,董　事,顏家鈺
115法登他000020,8,常務董事,黃泰霖
115法登他000020,9,常務監察人,黄凱苹
115法登他000020,10,董　事,黃國正
115法登他000020,11,監察人,蒯乃昌
115法登他000020,14,董　事,林俊儒
115法登他000020,15,常務董事,周崇斌
115法登他000020,16,常務董事,楊鴻慶
115法登他000020,17,常務董事,李建輝
115法登他000020,18,常務董事,王東琪
115法登他000020,19,董　事,吳志偉
115法登他000020,20,董　事,何紀芳
115法登他000020,21,董　事,韓竹生
115法登他000020,22,董　事,張錫煌
115法登他000020,23,董　事,王錫福
115法登他000020,24,董　事,張信良
115法登他000020,25,董　事,李秉彥
115法登他000020,26,董　事,林全能
115法登他000020,27,監察人,王志郎
115法登他000021,2,董　事,吳鳳凰
115法登他000021,3,董事長,曾力裴
115法登他000021,5,董　事,李秀卿
115法登他000021,9,董　事,蔡孟宗
115法登他000021,10,董　事,張瑋庭
115法登他000021,11,董　事,溫穗安
115法登他000021,12,董　事,孫茂松
115法登他000021,13,董　事,葉美華
115法登他000021,14,董　事,吳姿俐
115法登他000021,22,董　事,巫雲康
115法登他000021,30,董　事,張浩昇
115法登他000022,1,理　事,劉宜霖
115法登他000022,2,理　事,張高誌
115法登他000022,3,理　事,陳榆琪
115法登他000022,4,理事長,吳裕政
115法登他000022,5,理　事,尤祿轉
115法登他000022,6,理　事,林順豐
115法登他000022,7,常務理事,黃日環
115法登他000022,8,常務監事,黃敏修
115法登他000022,9,理　事,戴東興
115法登他000022,10,監　事,雲進忠
115法登他000022,11,理　事,許宗凱
115法登他000022,12,理　事,鐘秀美
115法登他000022,13,理　事,廖森霖
115法登他000022,14,理　事,粘世明
115法登他000022,15,理　事,蔡匡威
115法登他000022,16,常務理事,黃呈祿
115法登他000022,17,常務理事,陳錕一
115法登他000022,18,監　事,田金堂
115法登他000022,19,監　事,柯銘料
115法登他000022,20,監　事,林正元
115法登他000023,1,理事長,高黎茜
115法登他000023,2,常務理事,王聯豐
115法登他000023,3,常務理事,葉文良
115法登他000023,4,理　事,高英傑
115法登他000023,5,理　事,石英傑
115法登他000023,6,理　事,劉至偉
115法登他000023,7,理　事,尤鴻明
115法登他000023,8,理　事,廖為富
115法登他000023,9,理　事,林麗雲
115法登他000023,10,常務監事,潘進聲
115法登他000023,11,監　事,鄭宏偉
115法登他000023,12,監　事,王萬教
115法登他000024,1,董事長,張勝坤
115法登他000024,2,董　事,陳龍賢
115法登他000024,3,董　事,李桂英
115法登他000024,4,董　事,陳玉潔
115法登他000024,5,董　事,蘇瑶琴
115法登他000024,7,監察人,黃月華
115法登他000025,1,董事長,林亮暉
115法登他000025,2,常務董事,王歆婷
115法登他000025,3,常務董事,葉瑋婷
115法登他000025,4,董　事,林祥昇
115法登他000025,5,董　事,王適會
115法登他000025,6,董　事,陳秋惠
115法登他000025,7,董　事,范文宇
115法登他000026,1,董事長,伍勝園
115法登他000026,2,常務董事,廖振遠
115法登他000026,3,常務董事,胡廸琦
115法登他000026,4,常務董事,王正健
115法登他000026,5,董　事,賴明煌
115法登他000026,6,董　事,鍾瑞蘭
115法登他000026,7,董　事,林寶貴
115法登他000026,8,董　事,張舜清
115法登他000026,9,董　事,陳明德
115法登他000026,10,董　事,歐士毓
115法登他000026,11,董　事,吳永盛
115法登他000026,12,董　事,蔡隆俸
115法登他000026,13,董　事,周廷彰
115法登他000026,14,常務董事,蘇昭銘
115法登他000026,15,監察人,莊元拔
115法登他000026,16,常務監察人,陳筠喬
115法登他000026,17,董　事,高珮娟
115法登他000026,18,董　事,鄭永祥
115法登他000026,19,監察人,劉英標
115法登他000026,20,董　事,葉哲良
115法登他000026,21,董　事,鄭麗珍
115法登他000026,22,董　事,黃道易
115法登他000027,1,董事長,莊孝盛
115法登他000027,2,董　事,陳清發
115法登他000027,3,董　事,莊俐昕
115法登他000027,4,董　事,黄峯美
115法登他000027,5,董　事,李俊超
115法登他000027,6,董　事,吳小萍
115法登他000027,8,董　事,趙文崇
115法登他000027,9,董　事,黃敏生
115法登他000027,10,董　事,黃玉華
115法登他000028,1,理事長,許心欣
115法登他000028,2,常務理事,錢建文
115法登他000028,3,常務理事,張淑芬
115法登他000028,4,理　事,徐宛鈴
115法登他000028,5,理　事,古珮嫆
115法登他000028,6,理　事,黃義英
115法登他000028,7,理　事,洪秀菊
115法登他000028,8,理　事,張美惠
115法登他000028,9,理　事,王麗貞
115法登他000028,10,常務監事,陳椒華
115法登他000028,11,監　事,蔡志宏
115法登他000028,12,監　事,吳麗慧
115法登他000029,1,董事長,曾崧鈴
115法登他000029,2,董　事,吳宜芳
115法登他000029,3,董　事,張紜漪
115法登他000029,4,董　事,陳珮瑄
115法登他000029,5,董　事,陳秋婷
115法登他000030,1,董　事,施威全
115法登他000030,2,董　事,葉山泰
115法登他000030,3,董　事,謝典霖
115法登他000030,4,董　事,黃君韜
115法登他000030,5,董　事,謝曜宇
115法登他000030,6,董　事,李俊德
115法登他000030,8,董　事,黃榮全
115法登他000030,9,董　事,陳振吉
115法登他000030,10,董　事,白素英
115法登他000030,11,董　事,洪志賢
115法登他000030,12,董　事,洪源澤
115法登他000030,13,董事長,王惠美
115法登他000030,14,董　事,謝清隆
115法登他000030,15,董　事,洪璧珍
115法登他000030,16,董　事,何烱榮
115法登他000031,1,董事長,翁金珠
115法登他000031,4,董　事,張崇勤
115法登他000031,8,董　事,曹榮源
115法登他000031,10,董　事,洪宗熠
115法登他000031,11,董　事,李正雄
115法登他000031,12,董　事,楊金英
115法登他000031,13,董　事,李瑞達
115法登他000031,14,董　事,黃椿𩃀
115法登他000031,15,董　事,林振孟
115法登他000031,16,董　事,林頂駿
115法登他000031,17,董　事,劉學軒
115法登他000032,1,理　事,黃川木
115法登他000032,2,理事長,何圭純
115法登他000032,3,監　事,王錦鈺
115法登他000032,4,理　事,江泓泉
115法登他000032,5,理　事,王郁翔
115法登他000032,6,常務監事,廖筱甄
115法登他000032,7,理　事,張明裕
115法登他000032,8,常務理事,石智
115法登他000032,9,監　事,李禮謀
115法登他000032,10,理　事,許佳煌
115法登他000032,11,理　事,孫志剛
115法登他000032,13,常務理事,蔣昌華
115法登他000033,1,常務理事,郭進安
115法登他000033,2,常務理事,林政雄
115法登他000033,3,常務理事,賴文昌
115法登他000033,4,理事長,賴東明
115法登他000033,5,理　事,翁德良
115法登他000033,6,理　事,王秀琴
115法登他000033,7,理　事,張恩華
115法登他000033,8,常務理事,周克彥
115法登他000033,9,理　事,吳清林
115法登他000033,10,理　事,游宏生
115法登他000033,11,理　事,陳正道
115法登他000033,12,理　事,楊啓明
115法登他000033,13,理　事,林士聖
115法登他000033,14,理　事,鍾新羱
115法登他000033,15,理　事,鄭金福
115法登他000033,16,常務監事,葉惠美
115法登他000033,17,監　事,劉明旗
115法登他000033,18,監　事,謝政麟
115法登他000033,19,監　事,曾秉爵
115法登他000033,20,監　事,陳素真
115法登他000034,1,常務理事,王秋雄
115法登他000034,2,理　事,林進義
115法登他000034,3,理　事,楊溪典
115法登他000034,4,理　事,謝坤山
115法登他000034,5,理　事,蘇榮輝
115法登他000034,6,理　事,王佳旺
115法登他000034,7,理　事,凌誌聰
115法登他000034,8,常務監事,張億銓
115法登他000034,9,監　事,陳慶隆
115法登他000034,10,監　事,楊秋林
115法登他000034,11,理事長,林淵俊
115法登他000034,12,常務理事,許宜傑
115法登他000035,1,董　事,吳松駿
115法登他000035,2,董　事,黃翎珈
115法登他000035,3,常務董事,周志山
115法登他000035,4,常務董事,張浚瑋
115法登他000035,5,董事長,張椿堂
115法登他000035,6,董　事,蕭錫榮
115法登他000035,7,董　事,賴久雄
115法登他000035,8,董　事,黃尚斌
115法登他000035,9,常務董事,劉贏仁
115法登他000035,10,常務董事,陳見明
115法登他000035,11,董　事,蘇月美
115法登他000035,12,常務監事,劉焜章
115法登他000035,13,董　事,江春籐
115法登他000035,14,監　事,林麗綿
115法登他000035,15,監　事,賴秀蘭
115法登他000035,16,董　事,蕭鐎鑫
115法登他000035,17,董　事,江春約
115法登他000035,18,董　事,劉贏中
115法登他000035,19,監　事,吳明賢
115法登他000035,20,監　事,郭政昌
115法登他000036,1,理事長,黃錫泉
115法登他000036,2,理　事,江世祺
115法登他000036,3,常務理事,葉韋宏
115法登他000036,4,常務理事,陳郁雄
115法登他000036,5,理　事,陳勇成
115法登他000036,6,理　事,白家桓
115法登他000036,7,理　事,游松霖
115法登他000036,8,理　事,吳志淦
115法登他000036,9,理　事,陳文英
115法登他000036,10,常務監事,石雅萍
115法登他000036,11,監　事,劉旭桓
115法登他000036,12,監　事,陳榮榛
115法登他000037,1,理　事,黃淑錦
115法登他000037,2,理事長,游佩蓁
115法登他000037,3,常務理事,洪崴娟
115法登他000037,4,理　事,賴純絃
115法登他000037,5,理　事,王重治
115法登他000037,6,常務理事,林建穎
115法登他000037,7,理　事,連啟文
115法登他000037,8,理　事,吳佩儒
115法登他000037,9,理　事,林宛儀
115法登他000037,10,常務監事,廖嫦娥
115法登他000037,11,監　事,馬建安
115法登他000037,12,監　事,陳育正
115法登他000038,1,理　事,曾麗娜
115法登他000038,2,理　事,顏嘉佑
115法登他000038,3,理　事,余錦章
115法登他000038,4,理　事,姜　綱
115法登他000038,5,理　事,陳瀛洲
115法登他000038,6,理　事,劉連勝
115法登他000038,7,理　事,陶鵬而
115法登他000038,8,常務理事,林秀如
115法登他000038,9,理事長,李婉蕊
115法登他000038,10,理　事,何黎星
115法登他000038,11,常務監事,黃大本
115法登他000038,12,理　事,陳宏彥
115法登他000038,13,常務理事,吳茂傳
115法登他000038,14,理　事,洪淑芬
115法登他000038,15,監　事,金詠順
115法登他000038,16,監　事,謝志能
115法登他000039,1,董　事,蕭明仁
115法登他000039,2,董　事,劉峯松
115法登他000039,6,董　事,呂曉玲
115法登他000039,7,董事長,李瑞達
115法登他000039,10,董　事,黃滄雲
115法登他000039,15,董　事,江春浩
115法登他000039,18,董　事,王明華
115法登他000039,20,董　事,廖丁印
115法登他000039,21,董　事,洪宗熠
115法登他000040,1,董事長,黃建成
115法登他000040,2,董　事,李紋紋
115法登他000040,3,董　事,吳博文
115法登他000040,4,董　事,紀盈如
115法登他000040,5,董　事,楊振芳
115法登他000040,6,董　事,黃潮川
115法登他000040,7,董　事,謝東良
115法登他000041,1,董事長,陳穆寬
115法登他000041,2,董　事,謝明妤
115法登他000041,3,董　事,謝拱德
115法登他000041,4,董　事,鄭智文
115法登他000041,5,董　事,鄭光人
115法登他000041,6,董　事,劉晏孜
115法登他000041,7,董　事,江季蓉
115法登他000041,8,董　事,陳富滿
115法登他000041,9,董　事,馬潔儀
115法登他000042,1,清算人,劉程煒
115法登他000042,2,清算人,董保城
115法登他000042,3,清算人,郭伯嘉
115法登他000042,4,清算人,詹盛如
115法登他000042,5,清算人,楊洲松
115法登他000042,6,清算人,吳聰能
115法登他000042,7,清算人,陳春榮
115法登他000042,8,清算人,黃源河
115法登他000042,9,清算人,鍾任琴
115法登他000042,10,清算人,劉宗德
115法登他000042,11,清算人,劉珠利
115法登他000042,12,清算人,蘇崧銘
115法登他000042,13,清算人,邱創乾
115法登他000043,2,董　事,楊豪森
115法登他000043,5,董事長,楊淑元
115法登他000043,6,董　事,陳香妘
115法登他000043,7,董　事,楊啓仁
115法登他000043,8,董　事,楊淑婷
115法登他000043,9,董　事,唐廼元
115法登他000043,10,董　事,林俊賢
115法登他000043,11,董　事,王昭湄
115法登他000043,12,董　事,賴良助
115法登他000044,1,常務理事,林揚昕
115法登他000044,2,理　事,沈郁欽
115法登他000044,3,理　事,張義偉
115法登他000044,4,常務監事,陳子涵
115法登他000044,5,監　事,陳宗佑
115法登他000044,6,理　事,周中祺
115法登他000044,7,理　事,翁甄佑
115法登他000044,8,常務理事,蔡慕凡
115法登他000044,9,理　事,龔信元
115法登他000044,10,監　事,梁玉山
115法登他000044,11,理　事,李得誠
115法登他000044,12,理事長,廖春傑
115法登他000045,1,董事長,許嘉種
115法登他000045,2,董　事,許叙銘
115法登他000045,3,董　事,李錦仁
115法登他000045,4,監察人,陳　茶
115法登他000045,5,董　事,許毅貞
115法登他000045,6,董　事,謝綉氣
115法登他000045,7,董　事,黃介仁
115法登他000045,8,董　事,黃俊偉
115法登他000045,9,董　事,張志嘉
115法登他000045,10,董　事,蔣秉芳
115法登他000046,1,理事長,鄭翰宏
115法登他000046,2,理　事,黃昱哲
115法登他000046,3,理　事,陳璽安
115法登他000046,4,理　事,許健泰
115法登他000046,5,理　事,馬珮娸
115法登他000046,6,理　事,林武郎
115法登他000046,7,理　事,黃雯鈴
115法登他000046,8,理　事,李世昌
115法登他000046,9,理　事,魏秀娟
115法登他000046,10,常務監事,莊鶯楓
115法登他000046,11,監　事,彭淳嶽
115法登他000046,12,監　事,楊坤祥
115法登他000047,1,理事長,楊淵韓
115法登他000047,2,常務理事,王怜珺
115法登他000047,3,常務理事,黃秀鳳
115法登他000047,4,常務理事,陳俊鴻
115法登他000047,5,常務理事,楊履威
115法登他000047,6,理　事,林士峰
115法登他000047,7,理　事,王志賢
115法登他000047,8,理　事,吳哲夫
115法登他000047,9,理　事,余乃英
115法登他000047,10,理　事,林宜霈
115法登他000047,11,理　事,邱聖村
115法登他000047,12,理　事,蕭隆正
115法登他000047,13,理　事,王文杏
115法登他000047,14,理　事,何世兆
115法登他000047,15,理　事,吳孟霓
115法登他000047,16,常務監事,謝升文
115法登他000047,17,監　事,藍凡軒
115法登他000047,18,監　事,黃淑婉
115法登他000047,19,監　事,周秉松
115法登他000047,20,監　事,江秀珠
115法登他000048,1,董事長,劉允彰
115法登他000048,3,董　事,黃惟饒
115法登他000048,5,董　事,楊美惠
115法登他000048,6,董　事,王宥霖
115法登他000048,8,董　事,鄭筑予
115法登他000048,9,董　事,郭原呈
115法登他000048,10,董　事,黃琮淵
115法登他000049,1,董　事,姚嘉添
115法登他000049,2,董　事,楊玲珠
115法登他000049,3,董　事,許愛茶
115法登他000049,4,董　事,陳麗文
115法登他000049,5,董　事,黃銘輝
115法登他000049,6,董　事,謝海瑞
115法登他000049,7,董事長,楊愷堂
115法登他000049,8,董　事,吳清林
115法登他000049,9,董　事,林美珠
115法登他000050,1,董　事,林志祥
115法登他000050,3,董　事,鄭明順
115法登他000050,5,董　事,張俊仁
115法登他000050,8,董　事,趙紫璇
115法登他000050,9,董事長,顏光宏
115法登他000051,1,理事長,侯志淵
115法登他000051,2,理　事,陳鼎中
115法登他000051,3,理　事,賴明毅
115法登他000051,4,理　事,林義順
115法登他000051,5,常務理事,曾梅珍
115法登他000051,6,理　事,林國斌
115法登他000051,7,常務理事,許書林
115法登他000051,8,常務理事,莊敏汎
115法登他000051,9,理　事,梁坤煌
115法登他000051,10,理　事,廖國竣
115法登他000051,11,理　事,林世昌
115法登他000051,12,常務理事,張榮鑫
115法登他000051,13,理　事,莊捧貴
115法登他000051,14,理　事,黃佳政
115法登他000051,15,理　事,黃敬富
115法登他000051,16,常務監事,曾健民
115法登他000051,17,監　事,李俊昇
115法登他000051,18,監　事,李承學
115法登他000051,19,監　事,張芫榤
115法登他000051,20,監　事,林坤沂
115法登他000052,1,董　事,張　媛
115法登他000052,2,董　事,徐淑蘭
115法登他000052,4,董　事,歐昱廷
115法登他000052,5,董　事,李世珍
115法登他000052,6,董　事,芮朝義
115法登他000052,7,董事長,劉庭瑄
115法登他000052,8,董　事,傅秀仁
115法登他000052,9,董　事,江進玉
115法登他000052,10,董　事,徐令娟
115法登他000053,1,常務理事,賴仲亮
115法登他000053,2,常務理事,施振隆
115法登他000053,3,理　事,朱翠萍
115法登他000053,4,理　事,解宗沛
115法登他000053,5,理　事,何國梁
115法登他000053,6,理　事,陳敏麗
115法登他000053,7,理　事,林淑照
115法登他000053,8,理　事,曹承榮
115法登他000053,9,常務監事,陳柏安
115法登他000053,10,監　事,李妙紋
115法登他000053,11,監　事,張文益
115法登他000053,12,理事長,廖宜新
115法登他000054,1,常務理事,許慈玲
115法登他000054,2,理事長,游明洲
115法登他000054,3,理　事,張伊嫺
115法登他000054,4,理　事,賴建興
115法登他000054,5,理　事,陳佩瑜
115法登他000054,6,理　事,蘇白珍珍
115法登他000054,8,理　事,謝珍華
115法登他000054,9,理　事,陳香君
115法登他000054,10,理　事,陳錫勲
115法登他000054,11,常務理事,鍾承翰
115法登他000054,12,監　事,蕭彩月
115法登他000054,13,監　事,施惠玲
115法登他000054,14,理　事,張美麗
115法登他000054,15,常務監事,陳至凱
115法登他000055,1,常務理事,施文景
115法登他000055,2,常務理事,吳進村
115法登他000055,3,理　事,黃合志
115法登他000055,4,理　事,黃文雄
115法登他000055,5,理事長,林永盛
115法登他000055,6,理　事,黃建興
115法登他000055,7,理　事,尤敏隆
115法登他000055,8,理　事,黃世界
115法登他000055,9,監　事,黃聰明
115法登他000055,10,理　事,吳坤賢
115法登他000055,11,監　事,尤伯村
115法登他000055,12,常務監事,黃俊楠
115法登他000057,1,理事長,王秀麥
115法登他000057,2,常務理事,黃梨珍
115法登他000057,3,常務理事,楊美子
115法登他000057,4,理　事,陳秉源
115法登他000057,5,理　事,黄琪玲
115法登他000057,6,理　事,劉慶豐
115法登他000057,7,理　事,黃彩玉
115法登他000057,8,理　事,黃紫棋
115法登他000057,9,理　事,廖玲花
115法登他000057,10,常務監事,鄒美鈴
115法登他000057,11,監　事,江德全
115法登他000057,12,監　事,黃俊志
115法登他000058,1,理事長,洪毓雯
115法登他000058,2,常務理事,洪月霞
115法登他000058,3,常務理事,林文治
115法登他000058,4,常務理事,陳志園
115法登他000058,5,常務理事,楊子韻
115法登他000058,6,理　事,彭德桂
115法登他000058,7,理　事,方秀娟
115法登他000058,8,理　事,蔡政翰
115法登他000058,9,理　事,黃建瑋
115法登他000058,10,理　事,陳妤蓮
115法登他000058,11,理　事,施秀花
115法登他000058,12,理　事,薛淑品
115法登他000058,13,理　事,莊明章
115法登他000058,14,理　事,郭惠琪
115法登他000058,15,理　事,許展嘉
115法登他000058,16,常務監事,蔡惠雅
115法登他000058,17,監　事,陳瑞泰
115法登他000058,18,監　事,莊坤錫
115法登他000058,19,監　事,洪建民
115法登他000058,20,監　事,蔡淑芬
115法登他000059,1,理事長,楊柏楷
115法登他000059,2,常務理事,李勝雄
115法登他000059,3,理　事,蘇建認
115法登他000059,4,理　事,陳鑲萍
115法登他000059,5,理　事,林泰欣
115法登他000059,6,理　事,林家全
115法登他000059,7,理　事,黃登薪
115法登他000059,8,常務理事,連宏彰
115法登他000059,9,理　事,梁淑絹
115法登他000059,10,理　事,吳泳慧
115法登他000059,11,理　事,林澄洋
115法登他000059,12,理　事,林坤銘
115法登他000059,13,理　事,黃章書
115法登他000059,14,理　事,林其水
115法登他000059,15,理　事,林崑堦
115法登他000059,16,常務監事,邱木水
115法登他000059,17,監　事,林淵文
115法登他000059,18,監　事,王松淵
115法登他000060,1,董事長,周清玉
115法登他000060,2,董　事,林家宏
115法登他000060,4,董　事,蘇健民
115法登他000060,5,董　事,黃敏生
115法登他000060,8,董　事,姚嘉文
115法登他000060,9,董　事,梁啓泰
115法登他000060,10,董　事,蔣　滿
115法登他000060,11,董　事,楊鴻洲
115法登他000060,12,董　事,覃事嫻
115法登他000061,1,董事長,莊麗珠
115法登他000061,2,董　事,劉德隆
115法登他000061,3,董　事,陳建斌
115法登他000061,4,董　事,郭宗霖
115法登他000061,5,董　事,蔡慧貞
115法登他000061,6,董　事,蔡明宏
115法登他000061,7,董　事,陳韋如
115法登他000062,1,監　事,陳綿娜
115法登他000062,2,理　事,陳穩焜
115法登他000062,3,常務理事,林青江
115法登他000062,4,理　事,洪振賢
115法登他000062,5,理事長,姚淑玲
115法登他000062,6,理　事,賴麗雅
115法登他000062,7,常務監事,劉秋蘭
115法登他000062,8,常務理事,陳清溪
115法登他000062,9,監　事,曾柔華
115法登他000062,10,理　事,方永銹
115法登他000062,11,理　事,陳水金
115法登他000062,12,理　事,林恩雅
115法登他000063,1,董　事,張鑫達
115法登他000063,2,董　事,蕭浚溶
115法登他000063,3,董　事,李文智
115法登他000063,4,董　事,黃季先
115法登他000063,5,董　事,施婭娜
115法登他000063,6,董事長,李秀妙
115法登他000063,7,董　事,夏聿箴
115法登他000064,2,理　事,洪建志
115法登他000064,3,理　事,張深華
115法登他000064,4,理　事,洪欣瑤
115法登他000064,5,常務理事,張見宇
115法登他000064,6,理事長,陳嘉信
115法登他000064,7,常務理事,詹棍益
115法登他000064,8,理　事,林長壽
115法登他000064,9,常務監事,陳瑞展
115法登他000064,10,監　事,黄淑芬
115法登他000064,11,理　事,許紹炫
115法登他000064,12,理　事,謝月箱
115法登他000064,13,監　事,顏明祺
115法登他000065,1,董事長,張天民
115法登他000065,2,董　事,鄭盈煤
115法登他000065,3,董　事,汪崇魁
115法登他000065,4,董　事,劉宗宜
115法登他000065,5,董　事,陳瑞鎮
115法登他000066,1,董　事,張鈺奇
115法登他000066,4,董事長,吳玉美
115法登他000066,6,董　事,劉家楓
115法登他000066,8,董　事,吳顏姿玉
115法登他000066,9,董　事,康丁源
115法登他000066,13,董　事,紀嘉祐
115法登他000066,14,董　事,顏國裕
115法登他000066,15,董　事,洪吳菊
115法登他000066,16,董　事,陳慧芬
115法登他000067,1,理　事,蔡東霖
115法登他000067,2,理　事,陳孫武
115法登他000067,3,常務理事,白錫聰
115法登他000067,4,常務理事,謝坤仁
115法登他000067,5,理　事,鄭洪福女
115法登他000067,6,理　事,蔡京翰
115法登他000067,7,理　事,吳瓊玲
115法登他000067,8,理　事,施慧如
115法登他000067,9,理事長,郭玲君
115法登他000067,10,常務監事,卓麗雪
115法登他000067,11,監　事,曹淑梅
115法登他000067,12,監　事,尹港生
115法登他000068,1,理　事,林秀美
115法登他000068,2,理　事,劉乾城
115法登他000068,3,理　事,黃錦鈴
115法登他000068,4,常務理事,巫俊寬
115法登他000068,5,監　事,王映酈
115法登他000068,6,理事長,陳玉純
115法登他000068,7,監　事,黃尹冠
115法登他000068,8,常務監事,陳錫嵐
115法登他000068,9,理　事,游振富
115法登他000068,10,常務理事,賴鎰銓
115法登他000068,11,理　事,莊于箴
115法登他000068,12,理　事,江韻仙
115法登他000069,1,常務監事,陳進堂
115法登他000069,2,理　事,王偉傑
115法登他000069,3,常務理事,蔡文正
115法登他000069,4,理　事,黃元德
115法登他000069,5,理事長,鄭舜平
115法登他000069,6,理　事,郭憲華
115法登他000069,7,理　事,黃建文
115法登他000069,8,理　事,林秀櫻
115法登他000069,9,理　事,吳杰亮
115法登他000069,10,理　事,李政修
115法登他000069,11,理　事,張德馨
115法登他000069,12,監　事,謝惠敏
115法登他000069,13,常務理事,林慶豐
115法登他000069,14,理　事,李永恒
115法登他000069,15,常務理事,郭昭宏
115法登他000069,16,理　事,黃遵誠
115法登他000069,17,常務理事,黃靖雅
115法登他000069,18,監　事,傅鍾仁
115法登他000069,19,理　事,吳錫金
115法登他000069,20,監　事,黃金安
115法登他000069,21,理　事,卓瑩祥
115法登他000069,22,監　事,林本奚
115法登他000070,2,理事長,蔡朋三
115法登他000070,3,常務理事,蔡登吟
115法登他000070,4,常務理事,蔡美玲
115法登他000070,5,理　事,蔡碧貴
115法登他000070,6,理　事,蔡炳彰
115法登他000070,7,理　事,蔡金杏
115法登他000070,8,理　事,蔡錦璋
115法登他000070,9,理　事,蔡億融
115法登他000070,10,常務監事,蔡林
115法登他000070,11,監　事,蔡鴻基
115法登他000070,12,監　事,蔡秀菀
115法登他000070,13,理　事,蔡美珍
115法登他000071,1,理事長,林東緯
115法登他000071,2,常務理事,林麗娟
115法登他000071,3,常務理事,吳玉青
115法登他000071,4,理　事,林順義
115法登他000071,5,理　事,林煒婷
115法登他000071,6,理　事,楊國益
115法登他000071,7,理　事,張家興
115法登他000071,8,理　事,潘辰瑄
115法登他000071,9,理　事,楊焜煌
115法登他000071,10,常務監事,林佑成
115法登他000071,11,監　事,吳心榆
115法登他000071,12,監　事,王櫻茜
115法登他000072,1,理事長,黃瑞卿
115法登他000072,2,理　事,黃麗娟
115法登他000072,3,理　事,黃景杉
115法登他000072,4,理　事,黃錫卿
115法登他000072,5,理　事,黃健智
115法登他000072,6,理　事,葉巧連
115法登他000072,7,常務理事,黃金煌
115法登他000072,8,常務理事,黃國全
115法登他000072,9,理　事,陳美潔
115法登他000072,10,常務監事,黃金墩
115法登他000072,11,監　事,黃敏智
115法登他000072,12,監　事,鍾麗君
115法登他000073,4,常務理事,粘勝傑
115法登他000073,5,常務理事,許森雄
115法登他000073,6,理　事,曾財清
115法登他000073,7,理　事,吳進德
115法登他000073,8,理　事,黃敏宣
115法登他000073,9,常務理事,洪邦乘
115法登他000073,10,理　事,施宏道
115法登他000073,11,理　事,黃呈豐
115法登他000073,12,監　事,林瑞昌
115法登他000073,13,理事長,王松澤
115法登他000073,14,理　事,林秋吉
115法登他000073,15,理　事,莊成財
115法登他000073,16,理　事,吳怡德
115法登他000073,18,理　事,陳禧年
115法登他000073,19,監　事,施宣猷
115法登他000073,20,監　事,莊國明
115法登他000073,23,常務監事,尤信貿
115法登他000073,26,常務理事,陳裕衡
115法登他000073,28,理　事,陳國崇
115法登他000073,29,監　事,王永富
115法登他000074,1,理事長,袁紹忠
115法登他000074,2,常務理事,林娜稜
115法登他000074,3,監　事,黃榮傅
115法登他000074,4,理　事,謝蘇芳
115法登他000074,5,理　事,袁吉呈
115法登他000074,6,理　事,陳秀盈
115法登他000074,7,理　事,曾潘沛淳
115法登他000074,8,理　事,顏進財
115法登他000074,9,監　事,白宗成
115法登他000074,10,常務監事,白錦珠
115法登他000074,11,理　事,袁吉威
115法登他000074,12,常務理事,謝江洲
115法登他000075,1,理　事,陳明德
115法登他000075,2,監　事,張寓程
115法登他000075,3,理事長,吳朝棟
115法登他000075,4,理　事,周佳珍
115法登他000075,5,理　事,楊正達
115法登他000075,6,理　事,張睿丞
115法登他000075,7,理　事,鄭英俊
115法登他000075,8,理　事,洪啓文
115法登他000075,9,理　事,邱振榮
115法登他000075,10,常務監事,胡　勇
115法登他000075,11,常務理事,李世全
115法登他000075,12,監　事,廖萬益
115法登他000075,13,理　事,邱文鐸
115法登他000075,14,常務理事,徐永杰
115法登他000076,1,常務監事,黃滄海
115法登他000076,2,常務理事,周政任
115法登他000076,3,常務理事,張永墻
115法登他000076,4,理　事,張培哲
115法登他000076,5,理　事,林清泉
115法登他000076,6,理　事,蘇明哲
115法登他000076,7,理　事,賴敏陞
115法登他000076,8,理　事,羅鴻洲
115法登他000076,9,理　事,林俊明
115法登他000076,10,理事長,謝得發
115法登他000076,11,監　事,邱在崑
115法登他000076,12,監　事,黃琳翔
115法登他000077,1,董事長,楊瑞嬌
115法登他000077,2,董　事,劉瓊繞
115法登他000077,3,董　事,林慶國
115法登他000077,4,董　事,陳　務
115法登他000077,5,董　事,施麗蘭
115法登他000077,6,董　事,黃清富
115法登他000077,7,董　事,鄭美枝
115法登他000077,8,董　事,劉丹桂
115法登他000077,9,董　事,梁德勝
115法登他000077,10,監察人,翁春美
115法登他000078,1,理　事,陳美珠
115法登他000078,2,理　事,施中川
115法登他000078,3,理　事,賴雅芳
115法登他000078,4,常務理事,明隆
115法登他000078,5,常務理事,陳莉菁
115法登他000078,6,理　事,侯欣瑀
115法登他000078,7,理　事,吳沛真
115法登他000078,8,理　事,陳秀子
115法登他000078,9,理　事,盧秋香
115法登他000078,10,理事長,李寬祝
115法登他000078,11,常務監事,沈倫基
115法登他000078,12,監　事,楊麗華
115法登他000079,1,理事長,包秉融
115法登他000079,2,理　事,黃靖文
115法登他000079,3,常務理事,陳毓奇
115法登他000079,4,常務理事,陳雅玲
115法登他000079,5,理　事,廖益辰
115法登他000079,6,理　事,黃淑芳
115法登他000079,7,理　事,駱美貞
115法登他000079,8,理　事,陳雅湞
115法登他000079,9,理　事,洪宜君
115法登他000079,10,常務監事,蔡明旗
115法登他000079,11,監　事,張惟翔
115法登他000079,12,監　事,楊明裕
115法登他000080,1,董事長,林騰蛟
115法登他000080,2,董　事,吳明哲
115法登他000080,3,董　事,林欣美
115法登他000080,4,董　事,呂世崇
115法登他000080,5,董　事,李寶壟
115法登他000080,6,董　事,李後鈞
115法登他000080,7,董　事,王鳳奎
115法登他000080,8,董　事,陳奇銘
115法登他000080,9,董　事,吳明杰
115法登他000080,10,監察人,蔡啓仲
115法登他000081,1,理　事,蔡凱閔
115法登他000081,2,理　事,李俊昇
115法登他000081,3,理　事,侯志淵
115法登他000081,4,理事長,梁坤煌
115法登他000081,5,理　事,張芫榤
115法登他000081,6,理　事,林冠宇
115法登他000081,7,理　事,黃佳政
115法登他000081,8,理　事,許峻瑋
115法登他000081,9,理　事,胡竹容
115法登他000081,10,常務理事,林瑞達
115法登他000081,11,理　事,林國斌
115法登他000081,12,理　事,許家齊
115法登他000081,13,常務理事,李秉昆
115法登他000081,14,理　事,許自維
115法登他000081,15,理　事,唐坤璋
115法登他000081,16,監　事,温証瑋
115法登他000081,17,常務監事,戴宇峯
115法登他000081,18,監　事,吳嘉洋
115法登他000081,19,監　事,李承學
115法登他000081,20,監　事,陳國原
115法登他000083,1,監　事,王進明
115法登他000083,2,常務理事,鄧美貞
115法登他000083,3,常務理事,周炳宏
115法登他000083,4,理　事,張萬
115法登他000083,5,理　事,范森發
115法登他000083,6,理　事,林正松
115法登他000083,7,理　事,吳維皓
115法登他000083,8,理事長,林正銘
115法登他000083,9,理　事,馬正雄
115法登他000083,10,監　事,張正明
115法登他000083,11,常務監事,蕭偉新
115法登他000083,12,理　事,李正義
115法登他000085,1,董　事,簡大森
115法登他000085,2,董　事,余士銘
115法登他000085,3,董事長,詹新府
115法登他000085,4,監　事,林張秀蓉
115法登他000085,5,董　事,張永章
115法登他000085,6,董　事,林曹麗香
115法登他000085,7,董　事,謝世宗
115法登他000085,8,董　事,辛楠豐
115法登他000085,9,董　事,張針
115法登他000085,10,常務監事,許致
115法登他000085,11,監　事,陳李千惠
115法登他000085,12,董　事,許黃秀春
115法登他000085,13,副董事長,劉連照
115法登他000085,14,董　事,黃王富美
115法登他000086,1,常務理事,阮麗玲
115法登他000086,2,常務理事,巴秀卿
115法登他000086,3,理事長,黃以文
115法登他000086,4,理　事,柯佳慧
115法登他000086,5,理　事,蘇文偵
115法登他000086,6,理　事,蔡易蒨
115法登他000086,7,理　事,洪芳郁
115法登他000086,8,理　事,陳恆中
115法登他000086,9,理　事,許　瑜
115法登他000086,10,常務監事,馬文章
115法登他000086,11,監　事,李豪傑
115法登他000086,12,監　事,黄怡文
115法登他000087,1,理事長,賴瑞鴻
115法登他000087,2,常務理事,陳恆中
115法登他000087,3,常務理事,黄怡文
115法登他000087,4,理　事,蔡易蒨
115法登他000087,5,理　事,李文群
115法登他000087,6,理　事,巫翠霞
115法登他000087,7,理　事,吳昭瑩
115法登他000087,8,理　事,李豪傑
115法登他000087,9,理　事,胡金美
115法登他000087,10,常務監事,馬文章
115法登他000087,11,監　事,梁崇惠
115法登他000087,12,監　事,王巍璁
115法登他000088,2,理　事,許紹炫
115法登他000088,3,理　事,謝月箱
115法登他000088,4,監　事,黄淑芬
115法登他000088,5,理事長,陳嘉信
115法登他000088,6,理　事,林長壽
115法登他000088,7,理　事,洪建志
115法登他000088,9,常務理事,張見宇
115法登他000088,10,常務理事,詹棍益
115法登他000088,13,理　事,張深華
115法登他000088,14,理　事,洪欣瑤
115法登他000088,15,常務監事,陳瑞展
115法登他000088,16,監　事,顏明祺
115法登他000088,18,理　事,王坤庭
115法登他000088,19,理　事,林政龍
115法登他000089,1,董事長,陳忠盛
115法登他000089,2,董　事,張見宇
115法登他000089,3,董　事,許紹炫
115法登他000089,4,董　事,陳深華
115法登他000089,5,董　事,陳嘉信
115法登他000089,6,董　事,黄淑芬
115法登他000089,7,董　事,陳純瑩
115法登他000089,8,監察人,陳瑞展
115法登他000090,1,董　事,林宗岐
115法登他000090,2,董　事,蔡國洲
115法登他000090,3,董　事,鄭健志
115法登他000090,5,董　事,葉啟昭
115法登他000090,6,董　事,鄭宏南
115法登他000090,7,董　事,施慶桂
115法登他000090,8,董　事,楊曜聰
115法登他000090,9,董　事,黃明和
115法登他000090,10,董　事,楊澤民
115法登他000090,14,董事長,謝式穀
115法登他000090,15,董　事,吳明哲
115法登他000090,16,董　事,柯呈枋
115法登他000090,17,監察人,楊政隆
115法登他000090,18,監察人,張正義
115法登他000090,19,監察人,吳桂洲
115法登他000090,20,董　事,洪聖哲
115法登他000090,21,董　事,楊銀明
115法登他000090,22,董　事,林聖忠
115法登他000091,1,常務監事,謝竺穎
115法登他000091,2,理　事,林宇慶
115法登他000091,3,理　事,廖淑鳳
115法登他000091,4,監　事,黃莉涵
115法登他000091,5,理　事,曾婧玲
115法登他000091,6,常務理事,林陳水蓮
115法登他000091,7,監　事,林育慈
115法登他000091,8,常務理事,王亭之
115法登他000091,9,常務理事,陳堅真
115法登他000091,10,理　事,劉建成
115法登他000091,11,理　事,吳東興
115法登他000091,12,理　事,曾能炫
115法登他000091,13,理　事,李美毅
115法登他000091,14,理　事,王嘉煜
115法登他000091,15,常務理事,王蓁禎
115法登他000091,16,理事長,蕭瑞華
115法登他000091,17,理　事,李豪文
115法登他000091,18,監　事,林雅君
115法登他000091,19,理　事,楊錦雯
115法登他000091,20,監　事,高申隆
115法登他000092,1,理事長,朱春雀
115法登他000092,2,理　事,謝月玲
115法登他000092,3,常務理事,賴亭文
115法登他000092,4,常務監事,陳燕鈴
115法登他000092,5,監　事,王麗鳳
115法登他000092,6,理　事,宋素端
115法登他000092,7,常務理事,楊秀雲
115法登他000092,8,理　事,周宏生
115法登他000092,9,理　事,粘雪青
115法登他000092,10,理　事,楊鳴慧
115法登他000092,11,理　事,高瑜君
115法登他000092,12,監　事,林宜穎
115法登他000093,1,董事長,沈呂百
115法登他000093,2,董　事,陳慶浩
115法登他000093,3,董　事,陳鳳蘭
115法登他000093,4,董　事,魏應充
115法登他000093,5,董　事,陳偉明
115法登他000093,6,董　事,羅智成
115法登他000093,7,董　事,林進興
115法登他000093,8,董　事,簡倍祥
115法登他000093,9,董　事,曹生麟
115法登他000094,1,常務理事,朱玉梅
115法登他000094,2,常務理事,陳建全
115法登他000094,3,常務理事,陳文誠
115法登他000094,4,常務理事,洪永遠
115法登他000094,5,理　事,陳貞鳳
115法登他000094,6,理　事,陳嘉濱
115法登他000094,7,理　事,王烱輝
115法登他000094,8,理　事,陳錫銘
115法登他000094,9,理　事,陳火炎
115法登他000094,10,理　事,陳志文
115法登他000094,11,理　事,陳東龍
115法登他000094,12,理　事,陳舜俊
115法登他000094,13,理　事,洪志坤
115法登他000094,14,理事長,陳志宗
115法登他000094,15,常務監事,陳國英
115法登他000094,16,監　事,陳永隆
115法登他000094,17,監　事,陳錦龍
115法登他000094,18,監　事,陳幼石
115法登他000094,19,理　事,陳佑政
115法登他000094,20,監　事,陳俊成
115法登他000095,1,董事長,張代新
115法登他000095,2,"董  事",魏隨豐
115法登他000095,3,"董  事",周學良
115法登他000095,4,"董  事",簡啓振
115法登他000095,5,"董  事",錢天成
115法登他000096,1,董事長,陳桂興
115法登他000096,2,董　事,陳重志
115法登他000096,3,董　事,游朱義
115法登他000096,4,董　事,廖慧鳳
115法登他000096,5,董　事,陳芊妘
115法登他000096,6,董　事,陳裕昌
115法登他000096,7,董　事,黃金龍
115法登他000096,8,董　事,余慧君
115法登他000096,9,董　事,陳泰霖
115法登他000096,10,董　事,柯添勝
115法登他000096,11,董　事,鍾文治
115法登他000096,12,董　事,洪添進
115法登他000096,13,監察人,許麗梅
115法登他000096,14,監察人,胡婉玲
115法登他000096,15,監察人,陳惠真
115法登他000097,2,監　事,沈襄君
115法登他000097,3,理　事,蕭秋香
115法登他000097,4,理　事,郭淑媚
115法登他000097,5,常務理事,王蕙鈴
115法登他000097,6,理　事,張睿芩
115法登他000097,7,監　事,賴素雅
115法登他000097,8,常務理事,張雅雲
115法登他000097,9,理　事,顏林乙媛
115法登他000097,10,理　事,林眞如
115法登他000097,13,理　事,黃林淑令
115法登他000097,14,理　事,洪安渝
115法登他000097,15,常務監事,林嘉雯
115法登他000097,16,理事長,楊勝媚
115法登他000097,17,理　事,曾于蘋
115法登他000097,18,理　事,施麗娟
115法登他000097,19,理　事,林秀眉
115法登他000098,1,常務理事,楊溢哲
115法登他000098,2,理事長,王國棟
115法登他000098,3,理　事,楊吉盛
115法登他000098,4,理　事,李丙寅
115法登他000098,5,理　事,郭文忠
115法登他000098,6,理　事,余慶忠
115法登他000098,7,理　事,洪崇閔
115法登他000098,8,理　事,李明成
115法登他000098,9,理　事,屈忠一
115法登他000098,10,常務理事,曾文彬
115法登他000098,11,常務監事,楊振雁
115法登他000098,12,監　事,黃慶順
115法登他000098,13,理　事,陳智鴻
115法登他000098,14,監　事,李旺全
115法登他000099,1,董事長,伍勝園
115法登他000099,2,常務董事,廖振遠
115法登他000099,3,常務董事,胡廸琦
115法登他000099,4,常務董事,王正健
115法登他000099,5,董　事,賴明煌
115法登他000099,6,董　事,鍾瑞蘭
115法登他000099,7,董　事,林寶貴
115法登他000099,8,董　事,張舜清
115法登他000099,9,董　事,吳智魁
115法登他000099,10,董　事,歐士毓
115法登他000099,11,董　事,李金揚
115法登他000099,12,董　事,蔡隆俸
115法登他000099,13,董　事,周廷彰
115法登他000099,14,常務董事,蘇昭銘
115法登他000099,15,監察人,莊元拔
115法登他000099,16,常務監察人,高怡君
115法登他000099,17,董　事,高珮娟
115法登他000099,18,董　事,鄭永祥
115法登他000099,19,監察人,劉英標
115法登他000099,20,董　事,葉哲良
115法登他000099,21,董　事,鄭麗珍
115法登他000099,22,董　事,黃道易
115法登他000100,1,董事長,李正雄
115法登他000100,2,董　事,陳藍夫
115法登他000100,3,董　事,李健智
115法登他000100,4,董　事,張瓊文
115法登他000100,5,董　事,王勝松
115法登他000100,6,董　事,柯經一
115法登他000100,7,董　事,張美枝
115法登他000100,8,董　事,賴怡碩
115法登他000100,9,董　事,黃俊熹
115法登他000102,1,董事長,莊孝盛
115法登他000102,2,董　事,陳清發
115法登他000102,3,董　事,莊俐昕
115法登他000102,4,董　事,黄峯美
115法登他000102,5,董　事,李俊超
115法登他000102,6,董　事,吳小萍
115法登他000102,8,董　事,趙文崇
115法登他000102,9,董　事,黃敏生
115法登他000102,10,董　事,黃玉華
115法登他000103,1,董事長,陳文貴
115法登他000103,3,董　事,謝企榮
115法登他000103,6,董　事,朱志良
115法登他000103,10,董　事,張鴻德
115法登他000103,11,董　事,李仁淼
115法登他000103,12,董　事,鍾蔚起
115法登他000103,13,董　事,吳俊憲
115法登他000103,14,監察人,陳尚志
115法登他000105,1,理　事,林秀美
115法登他000105,2,理　事,劉乾城
115法登他000105,3,理　事,胡朝祺
115法登他000105,4,常務理事,巫俊寬
115法登他000105,5,理　事,江坪諺
115法登他000105,6,理事長,陳玉純
115法登他000105,7,理　事,黃尹冠
115法登他000105,8,監　事,謝國振
115法登他000105,9,常務監事,游振富
115法登他000105,10,常務理事,賴鎰銓
115法登他000105,11,理　事,莊于箴
115法登他000105,12,監　事,江韻仙
115法登他000106,1,理事長,曹清志
115法登他000106,2,常務理事,江麗雪
115法登他000106,3,常務理事,林樹木
115法登他000106,4,理　事,江柳襄
115法登他000106,5,理　事,江學忠
115法登他000106,6,理　事,劉允勝
115法登他000106,7,理　事,江文俊
115法登他000106,8,理　事,楊漢德
115法登他000106,9,理　事,黃秀茹
115法登他000106,10,理　事,林立軒
115法登他000106,11,理　事,蔡明娟
115法登他000106,12,理　事,張斯雲
115法登他000106,13,理　事,陳清山
115法登他000106,14,常務監事,曹江菊霞
115法登他000106,15,監　事,劉憲奇
115法登他000106,16,監　事,賴俊谷
115法登他000106,17,監　事,江允掌
115法登他000106,18,監　事,陳錫憲
115法登他000106,19,常務理事,李瑞源
115法登他000106,20,常務理事,謝俊德
115法登他000107,1,監　事,陳威志
115法登他000107,2,常務理事,詹茂義
115法登他000107,3,候補理事,王世彬
115法登他000107,4,理　事,黃大千
115法登他000107,5,理　事,顏凡喬
115法登他000107,6,理　事,洪樵逸
115法登他000107,7,理　事,洪世偉
115法登他000107,8,常務理事,林見財
115法登他000107,9,候補理事,陳坪柏
115法登他000107,10,後補監事,洪錦勝
115法登他000107,11,理　事,洪俊杰
115法登他000107,12,理　事,蔡信政
115法登他000107,13,理　事,陳信源
115法登他000107,14,常務理事,袁伯翔
115法登他000107,15,候補理事,連國農
115法登他000107,16,理　事,黃勗鈞
115法登他000107,17,監　事,黃永寬
115法登他000107,18,理　事,陳啓宗
115法登他000107,19,理事長,連進通
115法登他000107,20,候補理事,蕭順益
115法登他000107,21,常務理事,蕭州航
115法登他000107,22,候補理事,陳景媚
115法登他000107,23,監　事,謝文龍
115法登他000107,24,監　事,孫世寳
115法登他000107,25,常務監事,清和
115法登他000107,26,理　事,許登貴
115法登他000108,1,董　事,楊庭宇
115法登他000108,2,董事長,謝明月
115法登他000108,3,董　事,章金傳
115法登他000108,4,董　事,林猷旌
115法登他000108,5,董　事,陳家椲
115法登他000108,6,董　事,宋素端
115法登他000108,7,董　事,朱世芳
115法登他000108,8,董　事,林宇宸
115法登他000108,9,董　事,王楊淑珍
115法登他000109,1,董　事,黃明和
115法登他000109,2,董　事,黃靖媛
115法登他000109,3,董　事,古鳴洲
115法登他000109,4,董　事,林梅燕
115法登他000109,5,董　事,賴志峯
115法登他000109,6,董　事,蔡宏仁
115法登他000109,7,董　事,邱世章
115法登他000109,8,董　事,王楨文
115法登他000109,9,董事長,陳信甫
115法登他000110,1,理事長,吳振山
115法登他000110,2,常務理事,吳振昌
115法登他000110,3,常務理事,游程詰
115法登他000110,4,理　事,詹建仁
115法登他000110,5,理　事,陳永興
115法登他000110,6,理　事,許文斌
115法登他000110,7,理　事,許惠如
115法登他000110,8,理　事,施良德
115法登他000110,9,理　事,林端容
115法登他000110,10,常務監事,吳陳淑娥
115法登他000110,11,監　事,吳清吉
115法登他000110,12,監　事,黃啟明
115法登他000111,1,理事長,曾翠緣
115法登他000111,2,第一副理事長,吳秋逸
115法登他000111,3,第二副理事長,陳耀元
115法登他000111,4,常務理事,吳素珠
115法登他000111,5,常務理事,張美霞
115法登他000111,6,常務理事,林百宗
115法登他000111,7,理　事,梁銘宗
115法登他000111,8,理　事,黃永合
115法登他000111,9,理　事,曹洪金花
115法登他000111,10,理　事,王秀麗
115法登他000111,11,理　事,黃國書
115法登他000111,12,理　事,紀惠欣
115法登他000111,13,理　事,蔡啓仲
115法登他000111,14,理　事,楊文凱
115法登他000111,15,理　事,屈炳秋
115法登他000111,16,理　事,莊居芳
115法登他000111,17,理　事,王瑞顯
115法登他000111,18,理　事,林淑珍
115法登他000111,19,理　事,劉方書晴
115法登他000111,20,理　事,張淑妃
115法登他000111,21,理　事,黃振宗
115法登他000111,22,理　事,吳秀子
115法登他000111,23,理　事,施生財
115法登他000111,24,理　事,陳美玲
115法登他000111,25,理　事,陳子紘
115法登他000111,26,常務監事,徐詳珵
115法登他000111,27,監　事,吳榮松
115法登他000111,28,監　事,詹元隆
115法登他000111,29,監　事,許錫欽
115法登他000111,30,監　事,游英澤
115法登他000112,2,董事長,蔣龍山
115法登他000112,3,董　事,鄧戊全
115法登他000112,5,董　事,李金焜
115法登他000112,6,董　事,黃林金雀
115法登他000112,8,董　事,王建盛
115法登他000112,12,董　事,謝碧月
115法登他000112,13,董　事,張嘉元
115法登他000112,14,監察人,王寶秀
115法登他000113,1,監　事,鄭錫嶽
115法登他000113,2,常務理事,張光泰
115法登他000113,3,常務理事,何沛麒
115法登他000113,4,理　事,陳順龍
115法登他000113,5,常務監事,廖世郁
115法登他000113,6,理　事,許家祐
115法登他000113,7,監　事,蔡景進
115法登他000113,8,理　事,王江民
115法登他000113,9,理　事,蔡明諺
115法登他000113,10,理事長,洪靖傑
115法登他000113,11,理　事,廖建智
115法登他000113,12,理　事,林潮誠
115法登他000118,1,理事長,楊柏楷
115法登他000118,2,常務理事,李勝雄
115法登他000118,3,理　事,蘇建認
115法登他000118,4,理　事,陳鑲萍
115法登他000118,5,理　事,林泰欣
115法登他000118,6,理　事,林家全
115法登他000118,7,理　事,黃登薪
115法登他000118,8,常務理事,連宏彰
115法登他000118,9,理　事,梁淑絹
115法登他000118,10,理　事,吳泳慧
115法登他000118,11,理　事,林澄洋
115法登他000118,12,理　事,林坤銘
115法登他000118,13,理　事,黃章書
115法登他000118,14,理　事,林其水
115法登他000118,15,理　事,林崑堦
115法登他000118,16,常務監事,邱木水
115法登他000118,17,監　事,林淵文
115法登他000118,18,監　事,王松淵
115法登社000002,1,理事長,陳立欣
115法登社000002,2,常務理事,蕭芳欣
115法登社000002,3,常務理事,林美伶
115法登社000002,4,理　事,陳語晴
115法登社000002,5,理　事,董彥汝
115法登社000002,6,理　事,劉芳雪
115法登社000002,7,理　事,謝汶樺
115法登社000002,8,理　事,徐麗華
115法登社000002,9,理　事,許宏榮
115法登社000002,10,常務監事,李慶祥
115法登社000002,11,監　事,江淑芳
115法登社000002,12,監　事,蔡淑青
115法登社000003,1,理事長,陳忠裕
115法登社000003,2,常務理事,陳文波
115法登社000003,3,常務理事,陳榮洲
115法登社000003,4,理　事,陳坤仁
115法登社000003,5,理　事,江鑫隆
115法登社000003,6,理　事,蔡建明
115法登社000003,7,理　事,顏吉昌
115法登社000003,8,理　事,吳嘉昊
115法登社000003,9,理　事,龍輝榮
115法登社000003,10,常務監事,傅有松
115法登社000003,11,監　事,陳啓瑞
115法登社000003,12,監　事,陳一學
115法登社000004,1,理事長,詹鎮福
115法登社000004,2,常務理事,廖明煌
115法登社000004,3,常務理事,林重仁
115法登社000004,4,理　事,廖宏榮
115法登社000004,5,理　事,詹宏能
115法登社000004,6,理　事,顏世忠
115法登社000004,7,理　事,林浚熙
115法登社000004,8,理　事,胡妙眞
115法登社000004,9,理　事,許金坤
115法登社000004,10,理　事,許阿密
115法登社000004,11,理　事,洪銘辰
115法登社000004,12,理　事,洪娜美
115法登社000004,13,理　事,詹春華
115法登社000004,14,理　事,蔡進豐
115法登社000004,15,理　事,紀宗成
115法登社000004,16,常務監事,邱有勝
115法登社000004,17,監　事,陳尚德
115法登社000004,18,監　事,林秋結
115法登社000004,19,監　事,詹勝義
115法登社000004,20,監　事,方成仁
115法登社000005,1,理事長,梁徽彬
115法登社000005,2,常務理事,梁煇崇
115法登社000005,3,常務理事,梁徽湖
115法登社000005,4,理　事,梁維霖
115法登社000005,5,理　事,梁維任
115法登社000005,6,理　事,梁靖渝
115法登社000005,7,理　事,梁詠琮
115法登社000005,8,理　事,黄淑卿
115法登社000005,9,理　事,梁鈞凱
115法登社000005,10,常務監事,詹益昌
115法登社000005,11,監　事,施景超
115法登社000005,12,監　事,顧原彰
115法登社000006,1,理事長,陳昌琪
115法登社000006,2,常務理事,柯鈞芯
115法登社000006,3,常務理事,曾彥錡
115法登社000006,4,理　事,卓柏宏
115法登社000006,5,理　事,蔡靜雯
115法登社000006,6,理　事,黃鈺媚
115法登社000006,7,理　事,蕭勝元
115法登社000006,8,理　事,陳俊諺
115法登社000006,9,理　事,昌冠伶
115法登社000006,10,常務監事,管玉山
115法登社000006,11,監　事,黃鈺珊
115法登社000006,12,監　事,王士豪
115法登社000007,1,理事長,黄盈豐
115法登社000007,2,常務理事,詹聰助
115法登社000007,3,常務理事,吳振中
115法登社000007,4,理　事,林崑耀
115法登社000007,5,理　事,謝承志
115法登社000007,6,理　事,尤綉珍
115法登社000007,7,理　事,何依靜
115法登社000007,8,理　事,曾美伸
115法登社000007,9,理　事,黄玉山
115法登社000007,10,常務監事,王永吉
115法登社000007,11,監　事,柯志東
115法登社000007,12,監　事,黄河川
115法登社000008,1,理事長,蘇正興
115法登社000008,2,常務理事,張文輝
115法登社000008,3,常務理事,劉宜霖
115法登社000008,4,理　事,尤德旗
115法登社000008,5,理　事,陳坤助
115法登社000008,6,理　事,王子建
115法登社000008,7,理　事,張嘉順
115法登社000008,8,理　事,蕭金龍
115法登社000008,9,理　事,張高明
115法登社000008,10,常務監事,張政文
115法登社000008,11,監　事,施金豆
115法登社000008,12,監　事,施効甫
115法登社000010,1,理事長,陳杉銘
115法登社000010,2,常務理事,顏吉昌
115法登社000010,3,常務理事,楊家華
115法登社000010,4,理　事,陳淑琴
115法登社000010,5,理　事,陳守進
115法登社000010,6,理　事,陳祥燈
115法登社000010,7,理　事,陳鴻銓
115法登社000010,8,理　事,林宜杰
115法登社000010,9,理　事,陳信立
115法登社000010,10,常務監事,陳振洺
115法登社000010,11,監　事,石茂辰
115法登社000010,12,監　事,楊鴻賓
115法登社000011,1,理事長,楊金昭
115法登社000011,2,常務理事,楊昇杭
115法登社000011,3,常務理事,洪亞民
115法登社000011,4,理　事,陳震東
115法登社000011,5,理　事,潘柏丞
115法登社000011,6,理　事,李岱珊
115法登社000011,7,理　事,李俊輝
115法登社000011,8,理　事,廖英全
115法登社000011,9,理　事,楊洲露
115法登社000011,10,常務監事,陳震宇
115法登社000011,11,監　事,廖昱嵐
115法登社000011,12,監　事,楊勝展
115法登社000012,1,理事長,黃淑真
115法登社000012,2,常務理事,高振益
115法登社000012,3,常務理事,高秀宜
115法登社000012,4,理　事,李德順
115法登社000012,5,理　事,賴永彬
115法登社000012,6,理　事,賴育鈴
115法登社000012,7,理　事,施詠瀚
115法登社000012,8,理　事,侯詠襦
115法登社000012,9,理　事,洪慧蘭
115法登社000012,10,常務監事,高上傑
115法登社000012,11,監　事,洪沛琳
115法登社000012,12,監　事,王蔓蓉
115法登社000013,1,理事長,魏行墨
115法登社000013,2,常務理事,李後賓
115法登社000013,3,常務理事,曾淑娟
115法登社000013,4,理　事,徐翊綺
115法登社000013,5,理　事,郭光文
115法登社000013,6,理　事,紀毓軒
115法登社000013,7,理　事,洪薇安
115法登社000013,8,理　事,陳元銘
115法登社000013,9,理　事,賴純怡
115法登社000013,10,常務監事,李文琳
115法登社000013,11,監　事,張琳琳
115法登社000013,12,監　事,陳柏維
115法登社000015,1,理事長,邱錫洲
115法登社000015,2,常務理事,劉克昌
115法登社000015,3,常務理事,邱寬重
115法登社000015,4,理　事,賴賢
115法登社000015,5,理　事,詹尉
115法登社000015,6,理　事,邱士銘
115法登社000015,7,理　事,邱明治
115法登社000015,8,理　事,張甘油
115法登社000015,9,理　事,張正松
115法登社000015,10,常務監事,邱逸軒
115法登社000015,11,監　事,邱寬行
115法登社000015,12,監　事,陳沛誠
115法登社000016,1,理事長,劉裕源
115法登社000016,2,常務理事,劉媛淑
115法登社000016,3,常務理事,周貽傑
115法登社000016,4,理　事,楊麗花
115法登社000016,5,理　事,張維強
115法登社000016,6,理　事,蔡美玉
115法登社000016,7,理　事,許香翎
115法登社000016,8,理　事,許芳艷
115法登社000016,9,理　事,曾廷銘
115法登社000016,10,常務監事,許先助
115法登社000016,11,監　事,羅采娟
115法登社000016,12,監　事,洪金池
115法登社000018,1,理事長,黃筱筑
115法登社000018,2,常務理事,黄靖雯
115法登社000018,3,常務理事,黃芳瑜
115法登社000018,4,理　事,尤黃怡婕
115法登社000018,5,理　事,錢美如
115法登社000018,6,理　事,錢薏如
115法登社000018,7,理　事,錢悅堂
115法登社000018,8,理　事,錢新祐
115法登社000018,9,理　事,游晴雯
115法登社000018,10,常務監事,黃新杏
115法登社000018,11,監　事,黃鴻振
115法登社000018,12,監　事,劉寶綵
115法登社000019,1,理事長,何伊涵
115法登社000019,2,常務理事,鄭世民
115法登社000019,3,常務理事,謝瓊慧
115法登社000019,4,理　事,卓慧淳
115法登社000019,5,理　事,黃怡靜
115法登社000019,6,理　事,鄭世新
115法登社000019,7,理　事,詹居儒
115法登社000019,8,理　事,卓幸君
115法登社000019,9,常務監事,張芷羚
115法登社000019,10,監　事,陳姸彤
115法登社000019,11,理　事,歐智輝
115法登社000019,12,理　事,邱秀姿
115法登社000021,1,理事長,謝榮欽
115法登社000021,2,常務理事,邱東元
115法登社000021,3,常務理事,謝必德
115法登社000021,4,理　事,施清珍
115法登社000021,5,理　事,卓錫全
115法登社000021,6,理　事,林惠卿
115法登社000021,7,理　事,張詠智
115法登社000021,8,理　事,葉佩琪
115法登社000021,9,理　事,高志家
115法登社000021,10,常務監事,陳俊郎
115法登社000021,11,監　事,卓錦洲
115法登社000021,12,監　事,黃長基
115法登社000022,1,理事長,詹炳章
115法登社000022,2,常務理事,朱柏源
115法登社000022,3,常務理事,張銘達
115法登社000022,4,理　事,林維茂
115法登社000022,5,理　事,黃友禮
115法登社000022,6,理　事,詹尉
115法登社000022,7,理　事,楊紹田
115法登社000022,8,理　事,張邱草雲
115法登社000022,9,理　事,方胡麗錦
115法登社000022,10,理　事,"詹  敦"
115法登社000022,11,理　事,陳仲堯
115法登社000022,12,理　事,蔡進豐
115法登社000022,13,理　事,賴銘鑒
115法登社000022,14,常務監事,蔡水柳
115法登社000022,15,監　事,詹欽勇
115法登社000022,16,監　事,黃錦庭
115法登社000023,1,理事長,吳振中
115法登社000023,2,常務理事,王永吉
115法登社000023,3,常務理事,黃盈豐
115法登社000023,4,理　事,林崑耀
115法登社000023,5,理　事,謝承志
115法登社000023,6,理　事,尤綉珍
115法登社000023,7,理　事,何依靜
115法登社000023,8,理　事,曾美伸
115法登社000023,9,理　事,詹聰助
115法登社000023,10,常務監事,陳慶得
115法登社000023,11,監　事,黃河川
115法登社000023,12,監　事,阮玉良
115法登社000024,1,理事長,吳國華
115法登社000024,2,常務理事,黃乾順
115法登社000024,3,常務理事,顏美玲
115法登社000024,4,理　事,劉淑鈺
115法登社000024,5,理　事,翁仲邦
115法登社000024,6,理　事,賴秀梅
115法登社000024,7,理　事,翁弘智
115法登社000024,8,理　事,朱韻丞
115法登社000024,9,理　事,陳怡庭
115法登社000024,10,常務監事,"賴  夏"
115法登社000024,11,監　事,劉雲霞
115法登社000024,12,監　事,周本立
115法登社000025,1,理事長,柯怡傑
115法登社000025,2,理　事,柯丁財
115法登社000025,3,理　事,柯有山
115法登社000025,4,理　事,柯尚煇
115法登社000025,5,理　事,柯阿招
115法登社000025,6,理　事,"柯  雄"
115法登社000025,7,理　事,陳美梓
115法登社000025,8,理　事,陳振源
115法登社000025,9,理　事,黃英月
115法登社000025,10,理　事,李坤錫
115法登社000025,11,理　事,陳明材
115法登社000025,12,理　事,蕭金花
115法登社000025,13,理　事,李絹美
115法登社000025,14,理　事,林麗寬
115法登社000025,15,常務監事,陳振昌
115法登社000025,16,監　事,吳燕鳳
115法登社000025,17,監　事,呂進福
115法登社000025,18,監　事,蔡昆玉
115法登社000025,19,監　事,柯增發
115法登財000001,1,董事長,高明鐘
115法登財000001,2,董　事,許椿燦
115法登財000001,3,董　事,曹金龍
115法登財000001,4,董　事,江西湖
115法登財000001,5,董　事,高百潘
115法登財000001,6,董　事,林宗茂
115法登財000001,7,董　事,劉熠慧
115法登財000001,8,董　事,邱貴美
115法登財000001,9,董　事,黄春音
115法登財000001,10,董　事,"曹 足"
115法登財000001,11,董　事,陳銘澤
115法登財000001,12,董　事,江桐良
115法登財000001,13,董　事,游寶珠
115法登財000001,14,董　事,曹錫金
115法登財000001,15,董　事,周志山
115法登財000001,16,董　事,林月眞
115法登財000001,17,董　事,曹邱碧珠
115法登財000001,18,董　事,江信夫
115法登財000001,19,董　事,林秋珊
115法登財000001,20,董　事,"曹 銘"
115法登財000001,21,董　事,吳政彦
115法登財000001,22,監察人,江允掌
115法登財000001,23,監察人,江文府
115法登財000001,24,監察人,曹其森
115法登財000001,25,監察人,林宏家
